# - - - - POPOLAMENTO TABELLA Abbonamento - - - -

INSERT INTO Abbonamento (Nome, TariffaMensile, ContenutiScaricabili, Caratteristiche) 
VALUES
	('basic', 5.00, 0, 'Contenuti in bassa qualità (HD), non ultime uscite'),
	('premium', 10.00, 0, 'Contenuti in media qualità (FHD), non ultime uscite'),
	('pro', 15.00, 5, 'Contenuti in alta qualità (2K), non ultime uscite'),
	('deluxe', 20.00, 10, 'Contenuti in alta qualità (2K), ultime uscite'),
	('ultimate', 25.00, 15, 'Contenuti in altissima qualità (4K), ultime uscite');

# - - - - POPOLAMENTO TABELLA AreaGeografica - - - - 

INSERT INTO AreaGeografica (IndirizzoIP, NomePaese) 
VALUES 
	(001, 'Italia'),
	(002, 'Spagna'),
	(003, 'Francia'),
	(004, 'Germania'),
	(005, 'Cina'),
	(006, 'India'),
	(007, 'Giappone'),
	(008, 'Russia'),
	(009, 'USA'),
	(010, 'Canada'),
	(011, 'Argentina'),
	(012, 'Brasile'),
	(013, 'Marocco'),
	(014, 'Sudafrica'),
	(015, 'Egitto'),
	(016, 'Nigeria');
    
# - - - - POPOLAMENTO TABELLA ARTISTA - - - - 

INSERT INTO Artista (ID, Nome, Cognome, Popolarita, PremiRegista, PremiAttore, Ruolo)
VALUES 
    (1, 'Francis Ford', 'Coppola', 16, 7, NULL, 'regista'),
    (2, 'Robert', 'Zemeckis', 6, 1, NULL, 'regista'),
    (3, 'Steven', 'Spielberg', 16, 4, NULL, 'regista'),
    (4, 'Quentin', 'Tarantino', 10, 3, NULL, 'regista'),
    (5, 'Peter', 'Jackson', 10, 3, NULL, 'regista'),
    (6, 'Sergio', 'Leone', 2, 0, NULL, 'regista'),
    (7, 'Michael', 'Curtiz', 4, 1, NULL, 'regista'),
    (8, 'Brian', 'De Palma', 2, 0, NULL, 'regista'),
    (9, 'Martin', 'Scorsese', 6, 1, NULL, 'regista'),
    (10, 'Irvin', 'Kershner', 2, 0, NULL, 'regista'),
    (11, 'Roberto', 'Benigni', 4, 1, NULL, 'regista'),
    (12, 'Christopher', 'Nolan', 2, 0, NULL, 'regista'),
    (13, 'Federico', 'Fellini', 4, 1, NULL, 'regista'),
    (14, 'Lana', 'Wachowski', 4, 0, NULL, 'regista'),
    (15, 'James', 'Cameron', 10, 3, NULL, 'regista'),
    (16, 'Paolo', 'Sorrentino', 2, 0, NULL, 'regista'),
    (17, 'Ridley', 'Scott', 8, 1, NULL, 'regista'),
    (18, 'David', 'Fincher', 4, 0, NULL, 'regista'),
    (19, 'Bryan', 'Singer', 2, 0, NULL, 'regista'),
    (20, 'Michael', 'Cimino', 6, 2, NULL, 'regista'),
    (21, 'George A.', 'Romero', 2, 0, NULL, 'regista'),
    (22, 'Jean-Pierre', 'Jeunet', 2, 0, NULL, 'regista'),
    (23, 'Barry', 'Levinson', 4, 1, NULL, 'regista'),
    (24, 'Jacques', 'Audiard', 6, 2, NULL, 'regista'),
    (25, 'Tony', 'Kaye', 2, 0, NULL, 'regista'),
    (26, 'Ron', 'Howard', 6, 2, NULL, 'regista'),
    (27, 'Todd', 'Phillips', 4, 1, NULL, 'regista'),
    (28, 'Mel', 'Gibson', 6, 2, NULL, 'regista'),
    (29, 'Guillermo', 'del Toro', 10, 4, NULL, 'regista'),
    (30, 'Stanley', 'Kubrick', 6, 1, NULL, 'regista'),
    (31, 'Roman', 'Polanski', 6, 2, NULL, 'regista'),
    (32, 'Michael', 'Bay', 2, 0, NULL, 'regista'),
    (33, 'Jake', 'Kasdan', 2, 0, NULL, 'regista'),
    (34, 'Jonathan', 'Demme', 4, 1, NULL, 'regista'),
    (35, 'Abdellatif', 'Kechiche', 6, 2, NULL, 'regista'),
    (36, 'George', 'Lucas', 2, 0, NULL, 'regista'),
    (37, 'Marc', 'Forster', 2, 0, NULL, 'regista'),
    (38, 'Giorgio', 'Diritti', 2, 0, NULL, 'regista'),
    (39, 'Marlon', 'Brando', 16, NULL, 7, 'attore'),
    (40, 'Tom', 'Hanks', 16, NULL, 6, 'attore'),
    (41, 'Liam', 'Neeson', 2, NULL, 0, 'attore'),
    (42, 'John', 'Travolta', 4, NULL, 1, 'attore'),
    (43, 'Elijah', 'Wood', 4, NULL, 0, 'attore'),
    (44, 'Robert', 'De Niro', 12, NULL, 3, 'attore'),
    (45, 'Humphrey', 'Bogart', 4, NULL, 1, 'attore'),
    (46, 'Kevin', 'Costner', 8, NULL, 3, 'attore'),
    (47, 'Harrison', 'Ford', 4, NULL, 0, 'attore'),
    (48, 'Roberto', 'Benigni', 6, NULL, 2, 'attore'),
    (49, 'Guy', 'Pearce', 2, NULL, 0, 'attore'),
    (50, 'Henry', 'Thomas', 2, NULL, 0, 'attore'),
    (51, 'Marcello', 'Mastroianni', 8, NULL, 3, 'attore'),
    (52, 'Keanu', 'Reeves', 4, NULL, 0, 'attore'),
    (53, 'Sam', 'Worthington', 2, NULL, 0, 'attore'),
    (54, 'Roy', 'Scheider', 2, NULL, 0, 'attore'),
    (55, 'Toni', 'Servillo', 2, NULL, 0, 'attore'),
    (56, 'Brad', 'Pitt', 14, NULL, 6, 'attore'),
    (57, 'Kevin', 'Spacey', 10, NULL, 4, 'attore'),
    (58, 'Sarah', 'Polley', 2, NULL, 0, 'attore'),
    (59, 'Audrey', 'Tautou', 2, NULL, 0, 'attore'),
    (60, 'Russell', 'Crowe', 10, NULL, 3, 'attore'),
    (61, 'Mel', 'Gibson', 2, NULL, 0, 'attore'),
    (62, 'Tom', 'Cruise', 8, NULL, 3, 'attore'),
    (63, 'Joaquin', 'Phoenix', 12, NULL, 4, 'attore'),
    (64, 'Edward', 'Norton', 4, NULL, 1, 'attore'),
    (65, 'Morgan', 'Freeman', 6, NULL, 2, 'attore'),
    (66, 'Ivana', 'Baquero', 2, NULL, 0, 'attore'),
    (67, 'Jack', 'Nicholson', 26, NULL, 12, 'attore'),
    (68, 'Adrien', 'Brody', 4, NULL, 1, 'attore'),
    (69, 'Anthony', 'Hopkins', 12, NULL, 5, 'attore'),
    (70, 'Adèle', 'Exarchopoulos', 2, NULL, 0, 'attore'),
    (71, 'Uma', 'Thurman', 4, NULL, 1, 'attore'),
    (72, 'Mark', 'Hamill', 2, NULL, 0, 'attore'),
    (73, 'Arnold', 'Schwarzenegger', 4, NULL, 1, 'attore'),
    (74, 'Leonardo', 'DiCaprio', 12, NULL, 5, 'attore'),
    (75, 'Michael J', 'Fox', 10, NULL, 4, 'attore'),
    (76, 'Khalid', 'Abdalla', 2, NULL, 0, 'attore'),
    (77, 'Alba', 'Rohrwacher', 2, NULL, 0, 'attore'),
    (78, 'Matt', 'Damon', 4, NULL, 1, 'attore'),
    (79, 'Ben', 'Affleck', 2, NULL, 0, 'attore'),
    (80, 'Dwayne', 'Johnson', 2, NULL, 0, 'attore');
    
# - - - - POPOLAMENTO TABELLA CartaDiCredito - - - - 

# sistemare la prima cifra del numero carta (dev'essere 3, 4 o 5)

INSERT INTO CartaDiCredito (ID_Utente, NumeroCarta, ScadenzaCarta, CVC)
VALUES
	(1, 1234567890123456, '2025-12-31', 123),
	(2, 2345678901234567, '2025-06-30', 456),
	(3, 3456789012345678, '2025-11-30', 789),
	(4, 4567890123456789, '2025-09-30', 234),
	(5, 5678901234567890, '2025-08-31', 567),
	(6, 6789012345678901, '2025-07-31', 890),
	(7, 7890123456789012, '2025-12-31', 123),
	(8, 8901234567890123, '2025-03-31', 456),
	(9, 9012345678901234, '2025-04-30', 789),
	(10, 2234567890123456, '2025-06-30', 234),
	(11, 3345678601234567, '2025-01-31', 565),
	(12, 4456789012345678, '2025-07-31', 896),
	(13, 5567890123456789, '2025-02-28', 123),
	(14, 6678901234567890, '2025-11-30', 456),
	(15, 7789012345678901, '2025-05-31', 789),
	(16, 8890123456789012, '2025-03-31', 234),
	(17, 9901234567890123, '2025-04-30', 567),
	(18, 1012345678901234, '2025-01-31', 890),
	(19, 1134567890123456, '2025-07-31', 123),
	(20, 2245678901234567, '2025-06-29', 456),
	(21, 3356789012345678, '2025-06-30', 789),
	(22, 4467890123456789, '2025-12-31', 234),
	(23, 5578901234567890, '2025-09-30', 567),
	(24, 6689012345678901, '2025-05-31', 890),
	(25, 7790123456789012, '2025-08-31', 123),
	(26, 8801234567890123, '2025-06-30', 456),
	(27, 9912345678901234, '2025-05-31', 789),
	(28, 1214567890123456, '2025-03-31', 234),
	(29, 2325678901234567, '2025-01-31', 567),
	(30, 3436789012345678, '2025-04-30', 890),
	(31, 4547890123456789, '2025-02-28', 123),
	(32, 5658901234567890, '2025-06-30', 456),
	(33, 6769012345678901, '2025-06-29', 789),
	(34, 7870123456789012, '2025-09-30', 234),
	(35, 8981234567890123, '2025-04-30', 567),
	(36, 9092345678901234, '2025-05-31', 890),
	(37, 1231567890123456, '2025-11-30', 123),
	(38, 2342678901234567, '2025-01-31', 456),
	(39, 3453789012345678, '2025-08-31', 789),
	(40, 4564890123456789, '2025-06-30', 234),
	(41, 5675901234567890, '2025-07-31', 567),
	(42, 6786012345678901, '2025-03-31', 890),
	(43, 7897123456789012, '2025-07-31', 123),
	(44, 8908234567890123, '2025-02-28', 456),
	(45, 9019345678901234, '2025-06-30', 789),
	(46, 1234167890123456, '2025-12-31', 234),
	(47, 2345178901234567, '2025-03-31', 567),
	(48, 3456289012345678, '2025-01-31', 890),
	(49, 4567390123456789, '2025-04-30', 123),
	(50, 5678401234567890, '2025-07-31', 456),
	(51, 6789512345678901, '2025-05-31', 890),
	(52, 7890623456789012, '2025-06-30', 123),
	(53, 8901734567890123, '2025-07-31', 456),
	(54, 9012845678901234, '2025-08-31', 789),
	(55, 1234967890123456, '2025-09-30', 234),
	(56, 2345618901234567, '2025-10-31', 567),
	(57, 3456729012345678, '2025-11-30', 890),
	(58, 4567830123456789, '2025-12-31', 123),
	(59, 5678941234567890, '2025-01-31', 456),
	(60, 6789052345678901, '2025-02-28', 788),
	(61, 2345678901231567, '2025-03-31', 890),
	(62, 3456789012342678, '2025-05-31', 123),
	(63, 4567890123453789, '2025-06-30', 456),
	(64, 5678901234564890, '2025-07-31', 789),
	(65, 6789012345675901, '2025-08-31', 234),
	(66, 7890123456786012, '2025-09-30', 567),
	(67, 8901234567897123, '2025-10-31', 890),
	(68, 9012345678908234, '2025-11-30', 123),
	(69, 1234567890129456, '2025-12-31', 456),
	(70, 2345678901234167, '2025-01-31', 789),
    (71, 2345679901234267, '2025-03-31', 890),
	(72, 3456789012345378, '2025-05-31', 123),
	(73, 4567890123456489, '2025-06-30', 456),
	(74, 5678901234567590, '2025-07-31', 789),
	(75, 6789012345678601, '2025-08-31', 234),
	(76, 7890123456789712, '2025-09-30', 567),
	(77, 8901234567890823, '2025-10-31', 890),
	(78, 9012345678901934, '2025-11-30', 123),
	(79, 1234567890123416, '2025-12-31', 456),
	(80, 2345678901234527, '2025-01-31', 789),
	(81, 3456789012345638, '2025-02-28', 234),
	(82, 4567890123456749, '2025-04-30', 567),
	(83, 5678901234567850, '2025-07-31', 890),
	(84, 6789012345678961, '2025-03-31', 123),
	(85, 7890123456789072, '2025-07-31', 456),
	(86, 8901234567890183, '2025-06-29', 789),
	(87, 9012345678901294, '2025-06-30', 234),
	(88, 1234567890123451, '2025-12-31', 567),
	(89, 2345678901234562, '2025-03-31', 890),
	(90, 3456789012345673, '2025-05-31', 123),
	(91, 4567890123456784, '2025-06-30', 456),
	(92, 5678901234567895, '2025-07-31', 789),
	(93, 6789012345678906, '2025-08-31', 234),
	(94, 7890123456789017, '2025-09-30', 567),
	(95, 8901234567890128, '2025-10-31', 890),
	(96, 9012345678901239, '2025-11-30', 123),
	(97, 1234567890123459, '2025-12-31', 456),
	(98, 1145678901234567, '2025-01-31', 789),
	(99, 2256789012345678, '2025-02-28', 234),
	(100, 3367890123456789, '2025-04-30', 567),
	(101, 4478901234567890, '2025-07-31', 890),
	(102, 5589012345678901, '2025-03-31', 123),
	(103, 6690123456789012, '2025-07-31', 456),
	(104, 7701234567890123, '2025-06-29', 789),
	(105, 8812345678901234, '2025-06-30', 234),
	(106, 9934567890123456, '2025-12-31', 567),
	(107, 2115678901234567, '2025-03-31', 890),
	(108, 3226789012345678, '2025-05-31', 123),
	(109, 4337890123456789, '2025-06-30', 456),
	(110, 5448901234567890, '2025-07-31', 789),
	(111, 6559012345678901, '2025-08-31', 234),
	(112, 7660123456789012, '2025-09-30', 567),
	(113, 8771234567890123, '2025-10-31', 890),
	(114, 9882345678901234, '2025-11-30', 123),
	(115, 1994567890123456, '2025-12-31', 456),
	(116, 2311678901234567, '2025-01-31', 789),
	(117, 3422789012345678, '2025-02-28', 234),
	(118, 4533890123456789, '2025-04-30', 567),
	(119, 5644901234567890, '2025-07-31', 890),
	(120, 6755012345678901, '2025-03-31', 123),
	(121, 7866123456789012, '2025-07-31', 456),
	(122, 8977234567890123, '2025-07-29', 789),
	(123, 9088345678901234, '2025-06-30', 234),
	(124, 1299567890123456, '2025-12-31', 567),
	(125, 2337118901234567, '2025-03-31', 890),
	(126, 3456229012345678, '2025-05-31', 123),
	(127, 4567330123456789, '2025-06-30', 456),
	(128, 5678441234567890, '2025-07-31', 789),
	(129, 6789552345678901, '2025-08-31', 234),
	(130, 7890663456789012, '2025-09-30', 567),
	(131, 8901774567890123, '2025-10-31', 890),
	(132, 9012885678901234, '2025-11-30', 123),
	(133, 1234997890123456, '2025-12-31', 456),
	(134, 2345611901234567, '2025-01-31', 789),
	(135, 3456722012345678, '2025-02-28', 234),
	(136, 4567833123456789, '2025-04-30', 567),
	(137, 5678944234567890, '2025-07-31', 890),
	(138, 6789055345678901, '2025-03-31', 123),
	(139, 7890166456789012, '2025-07-31', 456),
	(140, 8901277567890123, '2025-06-29', 789),
	(141, 9012388678901234, '2025-06-30', 234),
	(142, 1234599890123456, '2025-12-31', 567),
	(143, 2345671101234567, '2025-03-31', 890),
	(144, 3456782212345678, '2025-05-31', 123),
	(145, 4567893323456789, '2025-06-30', 456),
	(146, 5678904434567890, '2025-07-31', 789),
	(147, 6789015545678901, '2025-08-31', 234),
	(148, 7890126656789012, '2025-09-30', 567),
	(149, 8901237767890123, '2025-10-31', 890),
	(150, 9012348878901234, '2025-11-30', 123),
    (151, 1234569990123456, '2025-12-31', 456),
	(152, 2345672301234567, '2025-01-31', 789),
	(153, 3456789011345678, '2025-02-28', 234),
	(154, 4567890122456789, '2025-04-30', 567),
	(155, 5678901233567890, '2025-07-31', 890),
	(156, 6789012344678901, '2025-03-31', 123),
	(157, 7890123455789012, '2025-07-31', 456),
	(158, 8901234566890123, '2025-06-29', 789),
	(159, 9012345677901234, '2025-06-30', 234),
	(160, 1234567898123456, '2025-12-31', 567);

# LA TABELLA CONNESSIONE è IN FONDO AL FILE   

# - - - - POPOLAMENTO TABELLA Contenuto - - - - 

INSERT INTO Contenuto (ID, ID_Film, ID_FormatoVideo, ID_FormatoAudio, BitrateTotale, DataRilascio, Dimensione)
VALUES
	(1, 1, 1, 1, 5000, '2023-01-05', NULL),
    (2, 1, 2, 1, 9000, '2023-03-15', NULL),
    (3, 1, 2, 2, 10000, '2023-04-20', NULL),
    (4, 1, 3, 2, 17000, '2023-06-02', NULL),
    (5, 1, 3, 3, 20000, '2023-07-11', NULL),
    (6, 1, 4, 3, 25000, '2023-08-29', NULL),
    (7, 2, 1, 1, 5000,'2023-02-10', NULL),
    (8, 2, 2, 1, 9000,'2023-03-25', NULL),
    (9, 2, 2, 2, 10000,'2023-04-30', NULL),
    (10, 2, 3, 2, 17000, '2023-06-12', NULL),
    (11, 2, 3, 3, 20000, '2023-07-21', NULL),
    (12, 2, 4, 3, 25000, '2023-08-18', NULL),
    (13, 3, 1, 1, 5000, '2023-02-01', NULL),
    (14, 3, 2, 1, 9000, '2023-03-10', NULL),
    (15, 3, 2, 2, 10000, '2023-04-15', NULL),
    (16, 3, 3, 2, 17000, '2023-06-05', NULL),
    (17, 3, 3, 3, 20000, '2023-07-17', NULL),
    (18, 3, 4, 3, 25000, '2023-08-26', NULL),
    (19, 4, 1, 1, 5000, '2023-09-10', NULL),
    (20, 4, 2, 1, 9000, '2023-01-12', NULL),
    (21, 4, 2, 2, 10000, '2023-03-22', NULL),
    (22, 4, 3, 2, 17000, '2023-04-25', NULL),
    (23, 4, 3, 3, 20000, '2023-06-07', NULL),
    (24, 4, 4, 3, 25000, '2023-07-13', NULL),
    (25, 5, 1, 1, 5000, '2023-08-24', NULL),
    (26, 5, 2, 1, 9000, '2023-01-20', NULL),
    (27, 5, 2, 2, 10000, '2023-03-08', NULL),
    (28, 5, 3, 2, 17000, '2023-04-11', NULL),
    (29, 5, 3, 3, 20000, '2023-06-20', NULL),
    (30, 5, 4, 3, 25000, '2023-07-27', NULL),
    (31, 6, 1, 1, 5000, '2023-08-31', NULL),
    (32, 6, 2, 1, 9000, '2023-01-02', NULL),
    (33, 6, 2, 2, 10000, '2023-03-30', NULL),
    (34, 6, 3, 2, 17000, '2023-04-05', NULL),
    (35, 6, 3, 3, 20000, '2023-06-18', NULL),
    (36, 6, 4, 3, 25000, '2023-07-01', NULL),
    (37, 7, 1, 1, 5000, '2023-08-12', NULL),
    (38, 7, 2, 1, 9000, '2023-01-08', NULL),
    (39, 7, 2, 2, 10000, '2023-03-19', NULL),
    (40, 7, 3, 2, 17000, '2023-04-28', NULL),
    (41, 7, 3, 3, 20000, '2023-06-10', NULL),
    (42, 7, 4, 3, 25000, '2023-07-29', NULL),
    (43, 8, 1, 1, 5000, '2023-08-15', NULL),
    (44, 8, 2, 1, 9000, '2023-01-17', NULL),
    (45, 8, 2, 2, 10000, '2023-03-27', NULL),
    (46, 8, 3, 2, 17000, '2023-04-03', NULL),
    (47, 8, 3, 3, 20000, '2023-06-15', NULL),
    (48, 8, 4, 3, 25000, '2023-07-23', NULL),
    (49, 9, 1, 1, 5000, '2023-08-28', NULL),
    (50, 9, 2, 1, 9000, '2023-01-07', NULL),
    (51, 9, 2, 2, 10000, '2023-03-17', NULL),
    (52, 9, 3, 2, 17000, '2023-04-22', NULL),
    (53, 9, 3, 3, 20000, '2023-06-14', NULL),
    (54, 9, 4, 3, 25000, '2023-07-30', NULL),
    (55, 10, 1, 1, 5000, '2023-08-20', NULL),
    (56, 10, 2, 1, 9000, '2023-01-22', NULL),
    (57, 10, 2, 2, 10000, '2023-03-05', NULL),
    (58, 10, 3, 2, 17000, '2023-04-16', NULL),
    (59, 10, 3, 3, 20000, '2023-06-24', NULL),
    (60, 10, 4, 3, 25000, '2023-07-25', NULL),
    (61, 11, 1, 1, 5000, '2023-08-10', NULL),
    (62, 11, 2, 1, 9000, '2023-01-13', NULL),
    (63, 11, 2, 2, 10000, '2023-03-24', NULL),
    (64, 11, 3, 2, 17000, '2023-04-26', NULL),
    (65, 11, 3, 3, 20000, '2023-06-08', NULL),
    (66, 11, 4, 3, 25000, '2023-07-19', NULL),
    (67, 12, 1, 1, 5000, '2023-08-01', NULL),
    (68, 12, 2, 1, 9000, '2023-01-11', NULL),
    (69, 12, 2, 2, 10000, '2023-03-14', NULL),
    (70, 12, 3, 2, 17000, '2023-04-21', NULL),
    (71, 12, 3, 3, 20000, '2023-06-03', NULL),
    (72, 12, 4, 3, 25000, '2023-07-09', NULL),
    (73, 13, 1, 1, 5000, '2023-08-27', NULL),
    (74, 13, 2, 1, 9000, '2023-01-21', NULL),
    (75, 13, 2, 2, 10000, '2023-03-09', NULL),
    (76, 13, 3, 2, 17000, '2023-04-12', NULL),
    (77, 13, 3, 3, 20000, '2023-06-21', NULL),
    (78, 13, 4, 3, 25000, '2023-07-28', NULL),
    (79, 14, 1, 1, 5000, '2023-08-30', NULL),
    (80, 14, 2, 1, 9000, '2023-01-03', NULL),
    (81, 14, 2, 2, 10000, '2023-03-31', NULL),
    (82, 14, 3, 2, 17000, '2023-04-06', NULL),
    (83, 14, 3, 3, 20000, '2023-06-19', NULL),
    (84, 14, 4, 3, 25000, '2023-07-02', NULL),
    (85, 15, 1, 1, 5000, '2023-08-14', NULL),
    (86, 15, 2, 1, 9000, '2023-01-09', NULL),
    (87, 15, 2, 2, 10000, '2023-03-20', NULL),
    (88, 15, 3, 2, 17000, '2023-04-29', NULL),
    (89, 15, 3, 3, 20000, '2023-06-11', NULL),
    (90, 15, 4, 3, 25000, '2023-07-26', NULL),
    (91, 16, 1, 1, 5000, '2023-08-17', NULL),
    (92, 16, 2, 1, 9000, '2023-01-16', NULL),
    (93, 16, 2, 2, 10000, '2023-03-26', NULL),
    (94, 16, 3, 2, 17000, '2023-04-04', NULL),
    (95, 16, 3, 3, 20000, '2023-06-17', NULL),
    (96, 16, 4, 3, 25000, '2023-07-22', NULL),
    (97, 17, 1, 1, 5000, '2023-08-22', NULL),
    (98, 17, 2, 1, 9000, '2023-01-06', NULL),
    (99, 17, 2, 2, 10000, '2023-03-16', NULL),
    (100, 17, 3, 2, 17000, '2023-04-23', NULL),
    (101, 17, 3, 3, 20000, '2023-06-13', NULL),
    (102, 17, 4, 3, 25000, '2023-07-31', NULL),
    (103, 18, 1, 1, 5000, '2023-08-21', NULL),
    (104, 18, 2, 1, 9000, '2023-01-19', NULL),
    (105, 18, 2, 2, 10000, '2023-03-07', NULL),
    (106, 18, 3, 2, 17000, '2023-04-17', NULL),
    (107, 18, 3, 3, 20000, '2023-06-25', NULL),
    (108, 18, 4, 3, 25000, '2023-07-24', NULL),
    (109, 19, 1, 1, 5000, '2023-08-08', NULL),
    (110, 19, 2, 1, 9000, '2023-01-14', NULL),
    (111, 19, 2, 2, 10000, '2023-03-23', NULL),
    (112, 19, 3, 2, 17000, '2023-04-27', NULL),
    (113, 19, 3, 3, 20000, '2023-06-09', NULL),
    (114, 19, 4, 3, 25000, '2023-07-16', NULL),
    (115, 20, 1, 1, 5000, '2023-08-23', NULL),
    (116, 20, 2, 1, 9000, '2023-01-04', NULL),
    (117, 20, 2, 2, 10000, '2023-03-29', NULL),
    (118, 20, 3, 2, 17000, '2023-04-02', NULL),
    (119, 20, 3, 3, 20000, '2023-06-16', NULL),
    (120, 20, 4, 3, 25000, '2023-07-03', NULL),
    (121, 21, 1, 1, 5000, '2023-01-15', NULL),
    (122, 21, 2, 1, 9000, '2023-03-25', NULL),
    (123, 21, 2, 2, 10000, '2023-04-24', NULL),
    (124, 21, 3, 2, 17000, '2023-06-06', NULL),
    (125, 21, 3, 3, 20000, '2023-07-12', NULL),
    (126, 21, 4, 3, 25000, '2023-08-25', NULL),
    (127, 22, 1, 1, 5000, '2023-01-18', NULL),
    (128, 22, 2, 1, 9000, '2023-03-12', NULL),
    (129, 22, 2, 2, 10000, '2023-04-20', NULL),
    (130, 22, 3, 2, 17000, '2023-06-01', NULL),
    (131, 22, 3, 3, 20000, '2023-07-07', NULL),
    (132, 22, 4, 3, 25000, '2023-08-29', NULL),
    (133, 23, 1, 1, 5000, '2023-01-10', NULL),
    (134, 23, 2, 1, 9000, '2023-03-21', NULL),
    (135, 23, 2, 2, 10000, '2023-04-30', NULL),
    (136, 23, 3, 2, 17000, '2023-06-02', NULL),
    (137, 23, 3, 3, 20000, '2023-07-15', NULL),
    (138, 23, 4, 3, 25000, '2023-08-19', NULL),
    (139, 24, 1, 1, 5000, '2023-01-23', NULL),
    (140, 24, 2, 1, 9000, '2023-03-11', NULL),
    (141, 24, 2, 2, 10000, '2023-04-18', NULL),
    (142, 24, 3, 2, 17000, '2023-06-28', NULL),
    (143, 24, 3, 3, 20000, '2023-07-04', NULL),
    (144, 24, 4, 3, 25000, '2023-08-16', NULL),
    (145, 25, 1, 1, 5000, '2023-01-05', NULL),
    (146, 25, 2, 1, 9000, '2023-03-15', NULL),
    (147, 25, 2, 2, 10000, '2023-04-20', NULL),
    (148, 25, 3, 2, 17000, '2023-06-02', NULL),
    (149, 25, 3, 3, 20000, '2023-07-11', NULL),
    (150, 25, 4, 3, 25000, '2023-08-29', NULL),
    (151, 26, 1, 1, 5000, '2023-02-10', NULL),
    (152, 26, 2, 1, 9000, '2023-03-25', NULL),
    (153, 26, 2, 2, 10000, '2023-04-30', NULL),
    (154, 26, 3, 2, 17000, '2023-06-12', NULL),
    (155, 26, 3, 3, 20000, '2023-07-21', NULL),
    (156, 26, 4, 3, 25000, '2023-08-18', NULL),
    (157, 27, 1, 1, 5000, '2023-02-01', NULL),
    (158, 27, 2, 1, 9000, '2023-03-10', NULL),
    (159, 27, 2, 2, 10000, '2023-04-15', NULL),
    (160, 27, 3, 2, 17000, '2023-06-05', NULL),
    (161, 27, 3, 3, 20000, '2023-07-17', NULL),
    (162, 27, 4, 3, 25000, '2023-08-26', NULL),
    (163, 28, 1, 1, 5000, '2023-02-20', NULL),
    (164, 28, 2, 1, 9000, '2023-03-05', NULL),
    (165, 28, 2, 2, 10000, '2023-04-10', NULL),
    (166, 28, 3, 2, 17000, '2023-06-20', NULL),
    (167, 28, 3, 3, 20000, '2023-07-27', NULL),
    (168, 28, 4, 3, 25000, '2023-08-31', NULL),
    (169, 29, 1, 1, 5000, '2023-02-15', NULL),
    (170, 29, 2, 1, 9000, '2023-03-20', NULL),
    (171, 29, 2, 2, 10000, '2023-04-25', NULL),
    (172, 29, 3, 2, 17000, '2023-06-15', NULL),
    (173, 29, 3, 3, 20000, '2023-07-01', NULL),
    (174, 29, 4, 3, 25000, '2023-08-10', NULL),
    (175, 30, 1, 1, 5000, '2023-02-18', NULL),
    (176, 30, 2, 1, 9000, '2023-03-15', NULL),
    (177, 30, 2, 2, 10000, '2023-04-12', NULL),
    (178, 30, 3, 2, 17000, '2023-06-18', NULL),
    (179, 30, 3, 3, 20000, '2023-07-22', NULL),
    (180, 30, 4, 3, 25000, '2023-08-15', NULL),
    (181, 31, 1, 1, 5000, '2023-01-02', NULL),
    (182, 31, 2, 1, 9000, '2023-03-30', NULL),
    (183, 31, 2, 2, 10000, '2023-04-05', NULL),
    (184, 31, 3, 2, 17000, '2023-06-18', NULL),
    (185, 31, 3, 3, 20000, '2023-07-01', NULL),
    (186, 31, 4, 3, 25000, '2023-08-12', NULL),
    (187, 32, 1, 1, 5000, '2023-01-08', NULL),
    (188, 32, 2, 1, 9000, '2023-03-19', NULL),
    (189, 32, 2, 2, 10000, '2023-04-28', NULL),
    (190, 32, 3, 2, 17000, '2023-06-10', NULL),
    (191, 32, 3, 3, 20000, '2023-07-29', NULL),
    (192, 32, 4, 3, 25000, '2023-08-15', NULL),
    (193, 33, 1, 1, 5000, '2023-01-17', NULL),
    (194, 33, 2, 1, 9000, '2023-03-27', NULL),
    (195, 33, 2, 2, 10000, '2023-04-03', NULL),
    (196, 33, 3, 2, 17000, '2023-06-15', NULL),
    (197, 33, 3, 3, 20000, '2023-07-23', NULL),
    (198, 33, 4, 3, 25000, '2023-08-28', NULL),
    (199, 34, 1, 1, 5000, '2023-01-07', NULL),
    (200, 34, 2, 1, 9000, '2023-03-17', NULL),
    (201, 34, 2, 2, 10000, '2023-04-22', NULL),
    (202, 34, 3, 2, 17000, '2023-06-14', NULL),
    (203, 34, 3, 3, 20000, '2023-07-30', NULL),
    (204, 34, 4, 3, 25000, '2023-08-20', NULL),
    (205, 35, 1, 1, 5000, '2023-01-22', NULL),
    (206, 35, 2, 1, 9000, '2023-03-05', NULL),
    (207, 35, 2, 2, 10000, '2023-04-16', NULL),
    (208, 35, 3, 2, 17000, '2023-06-24', NULL),
    (209, 35, 3, 3, 20000, '2023-07-25', NULL),
    (210, 35, 4, 3, 25000, '2023-08-10', NULL),
    (211, 36, 1, 1, 5000, '2023-01-13', NULL),
    (212, 36, 2, 1, 9000, '2023-03-24', NULL),
    (213, 36, 2, 2, 10000, '2023-04-26', NULL),
    (214, 36, 3, 2, 17000, '2023-06-08', NULL),
    (215, 36, 3, 3, 20000, '2023-07-19', NULL),
    (216, 36, 4, 3, 25000, '2023-08-01', NULL),
    (217, 37, 1, 1, 5000, '2023-01-12', NULL),
    (218, 37, 2, 1, 9000, '2023-03-22', NULL),
    (219, 37, 2, 2, 10000, '2023-04-25', NULL),
    (220, 37, 3, 2, 17000, '2023-06-07', NULL),
    (221, 37, 3, 3, 20000, '2023-07-13', NULL),
    (222, 37, 4, 3, 25000, '2023-08-24', NULL),
    (223, 38, 1, 1, 5000, '2023-01-20', NULL),
    (224, 38, 2, 1, 9000, '2023-03-08', NULL),
    (225, 38, 2, 2, 10000, '2023-04-11', NULL),
    (226, 38, 3, 2, 17000, '2023-06-20', NULL),
    (227, 38, 3, 3, 20000, '2023-07-27', NULL),
    (228, 38, 4, 3, 25000, '2023-08-31', NULL),
    (229, 39, 1, 1, 5000, '2023-01-02', NULL),
    (230, 39, 2, 1, 9000, '2023-03-30', NULL),
    (231, 39, 2, 2, 10000, '2023-04-05', NULL),
    (232, 39, 3, 2, 17000, '2023-06-18', NULL),
    (233, 39, 3, 3, 20000, '2023-07-01', NULL),
    (234, 39, 4, 3, 25000, '2023-08-12', NULL),
    (235, 40, 1, 1, 5000, '2023-01-08', NULL),
    (236, 40, 2, 1, 9000, '2023-03-19', NULL),
    (237, 40, 2, 2, 10000, '2023-04-28', NULL),
    (238, 40, 3, 2, 17000, '2023-06-10', NULL),
    (239, 40, 3, 3, 20000, '2023-07-29', NULL),
    (240, 40, 4, 3, 25000, '2023-08-15', NULL),
    (241, 41, 1, 1, 5000, '2023-01-17', NULL),
    (242, 41, 2, 1, 9000, '2023-03-27', NULL),
    (243, 41, 2, 2, 10000, '2023-04-03', NULL),
    (244, 41, 3, 2, 17000, '2023-06-15', NULL),
    (245, 41, 3, 3, 20000, '2023-07-23', NULL),
    (246, 41, 4, 3, 25000, '2023-08-28', NULL),
    (247, 42, 1, 1, 5000, '2023-01-07', NULL),
    (248, 42, 2, 1, 9000, '2023-03-17', NULL),
    (249, 42, 2, 2, 10000, '2023-04-22', NULL),
    (250, 42, 3, 2, 17000, '2023-06-14', NULL),
    (251, 42, 3, 3, 20000, '2023-07-30', NULL),
    (252, 42, 4, 3, 25000, '2023-08-20', NULL),
    (253, 43, 1, 1, 5000, '2023-01-22', NULL),
    (254, 43, 2, 1, 9000, '2023-03-05', NULL),
    (255, 43, 2, 2, 10000, '2023-04-16', NULL),
    (256, 43, 3, 2, 17000, '2023-06-24', NULL),
    (257, 43, 3, 3, 20000, '2023-07-25', NULL),
    (258, 43, 4, 3, 25000, '2023-08-10', NULL),
    (259, 44, 1, 1, 5000, '2023-01-13', NULL),
    (260, 44, 2, 1, 9000, '2023-03-24', NULL),
    (261, 44, 2, 2, 10000, '2023-04-26', NULL),
    (262, 44, 3, 2, 17000, '2023-06-08', NULL),
    (263, 44, 3, 3, 20000, '2023-07-19', NULL),
    (264, 44, 4, 3, 25000, '2023-08-01', NULL),
    (265, 45, 1, 1, 5000, '2023-01-12', NULL),
    (266, 45, 2, 1, 9000, '2023-03-22', NULL),
    (267, 45, 2, 2, 10000, '2023-04-25', NULL),
    (268, 45, 3, 2, 17000, '2023-06-07', NULL),
    (269, 45, 3, 3, 20000, '2023-07-13', NULL),
    (270, 45, 4, 3, 25000, '2023-08-24', NULL),
    (271, 46, 1, 1, 5000, '2023-01-20', NULL),
    (272, 46, 2, 1, 9000, '2023-03-08', NULL),
    (273, 46, 2, 2, 10000, '2023-04-11', NULL),
    (274, 46, 3, 2, 17000, '2023-06-20', NULL),
    (275, 46, 3, 3, 20000, '2023-07-27', NULL),
    (276, 46, 4, 3, 25000, '2023-08-31', NULL),
    (277, 47, 1, 1, 5000, '2023-01-02', NULL),
    (278, 47, 2, 1, 9000, '2023-03-30', NULL),
    (279, 47, 2, 2, 10000, '2023-04-05', NULL),
    (280, 47, 3, 2, 17000, '2023-06-18', NULL),
    (281, 47, 3, 3, 20000, '2023-07-01', NULL),
    (282, 47, 4, 3, 25000, '2023-08-12', NULL),
    (283, 48, 1, 1, 5000, '2023-01-08', NULL),
    (284, 48, 2, 1, 9000, '2023-03-19', NULL),
    (285, 48, 2, 2, 10000, '2023-04-28', NULL),
    (286, 48, 3, 2, 17000, '2023-06-10', NULL),
    (287, 48, 3, 3, 20000, '2023-07-29', NULL),
    (288, 48, 4, 3, 25000, '2023-08-15', NULL),
    (289, 49, 1, 1, 5000, '2023-01-17', NULL),
    (290, 49, 2, 1, 9000, '2023-03-27', NULL),
    (291, 49, 2, 2, 10000, '2023-04-03', NULL),
    (292, 49, 3, 2, 17000, '2023-06-15', NULL),
    (293, 49, 3, 3, 20000, '2023-07-23', NULL),
    (294, 49, 4, 3, 25000, '2023-08-28', NULL),
    (295, 50, 1, 1, 5000, '2023-01-07', NULL),
    (296, 50, 2, 1, 9000, '2023-03-17', NULL),
    (297, 50, 2, 2, 10000, '2023-04-22', NULL),
    (298, 50, 3, 2, 17000, '2023-06-14', NULL),
    (299, 50, 3, 3, 20000, '2023-07-30', NULL),
    (300, 50, 4, 3, 25000, '2023-08-20', NULL);

# - - - - POPOLAMENTO TABELLA Copertura - - - -

INSERT INTO Copertura (IP_AreaGeografica, ID_Server, Ping)
VALUES
    (001, 1, 20),
    (001, 2, 40),
    (001, 3, 60),
    (001, 4, 80),
	(002, 1, 40),
	(002, 2, 20),
	(002, 3, 60),
	(002, 4, 80),
	(003, 1, 40),
	(003, 2, 60),
	(003, 3, 80),
	(003, 4, 20),
	(004, 1, 60),
	(004, 2, 80),
	(004, 3, 20),
	(004, 4, 40),
	(005, 5, 20),
	(005, 6, 40),
	(005, 7, 60),
	(005, 8, 80),
	(006, 5, 40),
	(006, 6, 20),
	(006, 7, 60),
	(006, 8, 80),
	(007, 5, 60),
	(007, 6, 40),
	(007, 7, 20),
	(007, 8, 80),
	(008, 5, 80),
	(008, 6, 60),
	(008, 7, 40),
	(008, 8, 20),
	(009, 9, 20),
	(009, 10, 40),
	(009, 11, 60),
	(009, 12, 80),
	(010, 9, 40),
	(010, 10, 20),
	(010, 11, 60),
	(010, 12, 80),
	(011, 9, 60),
	(011, 10, 40),
	(011, 11, 20),
	(011, 12, 80),
	(012, 9, 80),
	(012, 10, 60),
	(012, 11, 40),
	(012, 12, 20),
	(013, 13, 20),
	(013, 14, 40),
	(013, 15, 60),
	(013, 16, 80),
	(014, 13, 60),
	(014, 14, 40),
	(014, 15, 20),
	(014, 16, 80),
	(015, 13, 40),
	(015, 14, 20),
	(015, 15, 60),
	(015, 16, 80),
	(016, 13, 80),
	(016, 14, 60),
	(016, 15, 40),
	(016, 16, 20);
    
# - - - - POPOLAMENTO TABELLA Fattura - - - - 

INSERT INTO Fattura (ID, Data, DataPagamento, NumeroCarta, Importo)
VALUES
	(1, '2023-10-15', '2023-10-15', 1234567890123456, 10),
	(2, '2023-10-20', '2023-10-20', 2345678901234567, 20),
	(3, '2023-10-25', '2023-10-25', 3456789012345678, 25),
	(4, '2023-10-30', '2023-10-30', 4567890123456789, 5),
	(5, '2023-08-16', '2023-08-16', 5678901234567890, 15),
	(6, '2023-10-04', '2023-10-04', 6789012345678901, 10),
	(7, '2023-10-14', '2023-10-14', 7890123456789012, 20),
	(8, '2023-10-01', '2023-10-01', 8901234567890123, 25),
	(9, '2023-10-22', '2023-10-22', 9012345678901234, 5),
	(10, '2023-10-30', '2023-10-30', 2234567890123456, 15),
	(11, '2023-10-05', '2023-10-05', 3345678901234567, 10),
	(12, '2023-10-18', '2023-10-18', 4456789012345678, 20),
	(13, '2023-10-09', '2023-10-09', 5567890123456789, 25),
	(14, '2023-10-15', '2023-10-15', 6678901234567890, 5),
	(15, '2023-08-15', '2023-08-15', 7789012345678901, 15),
	(16, '2023-10-02', '2023-10-02', 8890123456789012, 25),
	(17, '2023-10-10', '2023-10-10', 9901234567890123, 20),
	(18, '2023-10-20', '2023-10-20', 1012345678901234, 25),
	(19, '2023-10-11', '2023-10-11', 1134567890123456, 5),
	(20, '2023-10-08', '2023-10-08', 2245678901234567, 15),
	(21, '2023-10-15', '2023-10-15', 3356789012345678, 10),
	(22, '2023-10-05', '2023-10-05', 4467890123456789, 20),
	(23, '2023-10-30', '2023-10-30', 5578901234567890, 25),
	(24, '2023-10-14', '2023-10-14', 6689012345678901, 5),
	(25, '2023-09-23', '2023-09-23', 7790123456789012, 15),
	(26, '2023-10-25', '2023-10-25', 8801234567890123, 10),
	(27, '2023-10-08', '2023-10-08', 9912345678901234, 20),
	(28, '2023-10-03', '2023-10-03', 1214567890123456, 25),
	(29, '2023-10-28', '2023-10-28', 2325678901234567, 5),
	(30, '2023-10-25', '2023-10-25', 3436789012345678, 15),
	(31, '2023-10-10', '2023-10-10', 4547890123456789, 10),
	(32, '2023-08-15', '2023-08-15', 5658901234567890, 20),
	(33, '2023-10-15', '2023-10-15', 6769012345678901, 25),
	(34, '2023-10-09', '2023-10-09', 7870123456789012, 5),
	(35, '2023-10-01', '2023-10-01', 8981234567890123, 15),
	(36, '2023-10-05', '2023-10-05', 9092345678901234, 10),
	(37, '2023-10-14', '2023-10-14', 1231567890123456, 20),
	(38, '2023-10-20', '2023-10-20', 2342678901234567, 25),
	(39, '2023-10-30', '2023-10-30', 3453789012345678, 5),
	(40, '2023-08-04', '2023-08-04', 4564890123456789, 15),
	(41, '2023-10-10', '2023-10-10', 5675901234567890, 10),
	(42, '2023-10-30', '2023-10-30', 6786012345678901, 20),
	(43, '2023-10-10', '2023-10-10', 7897123456789012, 25),
	(44, '2023-10-14', '2023-10-14', 8908234567890123, 5),
	(45, '2023-10-28', '2023-10-28', 9019345678901234, 15),
	(46, '2023-10-12', '2023-10-12', 1234167890123456, 10),
	(47, '2023-08-22', '2023-08-22', 2345178901234567, 20),
	(48, '2023-10-05', '2023-10-05', 3456289012345678, 25),
	(49, '2023-10-08', '2023-10-08', 4567390123456789, 5),
	(50, '2023-10-15', '2023-10-15', 5678401234567890, 15),
	(51, '2023-10-19', '2023-10-19', 6789512345678901, 10),
	(52, '2023-10-25', '2023-10-25', 7890623456789012, 20),
	(53, '2023-08-18', '2023-08-18', 8901734567890123, 25),
	(54, '2023-10-23', '2023-10-23', 9012845678901234, 5),
	(55, '2023-10-23', '2023-10-23', 1234967890123456, 15),
	(56, '2023-10-18', '2023-10-18', 2345618901234567, 10),
	(57, '2023-10-30', '2023-10-30', 3456729012345678, 20),
	(58, '2023-10-20', '2023-10-20', 4567830123456789, 25),
	(59, '2023-10-30', '2023-10-30', 5678941234567890, 5),
	(60, '2023-08-18', '2023-08-18', 6789052345678901, 15),
	(61, '2023-09-15', '2023-09-15', 1234567890123456, 10),
	(62, '2023-09-20', '2023-09-20', 2345678901234567, 20),
	(63, '2023-09-25', '2023-09-25', 3456789012345678, 25),
	(64, '2023-09-30', '2023-09-30', 4567890123456789, 5),
	(65, '2023-07-16', '2023-07-16', 5678901234567890, 15),
	(66, '2023-09-04', '2023-09-04', 6789012345678901, 10),
	(67, '2023-09-14', '2023-09-14', 7890123456789012, 20),
	(68, '2023-09-01', '2023-09-01', 8901234567890123, 25),
	(69, '2023-09-22', '2023-09-22', 9012345678901234, 5),
	(70, '2023-09-30', '2023-09-30', 2234567890123456, 15),
    (71, '2023-08-15', '2023-08-15', 1234567890123456, 10),
	(72, '2023-08-20', '2023-08-20', 2345678901234567, 20),
	(73, '2023-08-25', '2023-08-25', 3456789012345678, 25),
	(74, '2023-08-30', '2023-08-30', 4567890123456789, 5),
	(75, '2023-06-16', '2023-06-16', 5678901234567890, 15),
	(76, '2023-08-04', '2023-08-04', 6789012345678901, 10),
	(77, '2023-08-14', '2023-08-14', 7890123456789012, 20),
	(78, '2023-08-01', '2023-08-01', 8901234567890123, 25),
	(79, '2023-08-22', '2023-08-22', 9012345678901234, 5),
	(80, '2023-08-30', '2023-08-30', 2234567890123456, 15),
	(81, '2023-09-05', '2023-09-05', 3345678901234567, 10),
	(82, '2023-09-18', '2023-09-18', 4456789012345678, 20),
	(83, '2023-09-09', '2023-09-09', 5567890123456789, 25),
	(84, '2023-09-15', '2023-09-15', 6678901234567890, 5),
	(85, '2023-07-15', '2023-07-15', 7789012345678901, 15),
	(86, '2023-09-01', '2023-09-01', 8890123456789012, 10),
	(87, '2023-09-10', '2023-09-10', 9901234567890123, 20),
	(88, '2023-09-20', '2023-09-20', 1012345678901234, 25),
	(89, '2023-09-11', '2023-09-11', 1134567890123456, 5),
	(90, '2023-09-08', '2023-09-08', 2245678901234567, 15),
	(91, '2023-09-15', '2023-09-15', 3356789012345678, 10),
	(92, '2023-09-05', '2023-09-05', 4467890123456789, 20),
	(93, '2023-09-30', '2023-09-30', 5578901234567890, 25),
	(94, '2023-09-14', '2023-09-14', 6689012345678901, 5),
	(95, '2023-07-23', '2023-07-23', 7790123456789012, 15),
	(96, '2023-09-25', '2023-09-25', 8801234567890123, 10),
	(97, '2023-09-08', '2023-09-08', 9912345678901234, 20),
	(98, '2023-09-03', '2023-09-03', 1214567890123456, 25),
	(99, '2023-09-28', '2023-09-28', 2325678901234567, 5),
	(100, '2023-09-25', '2023-09-25', 3436789012345678, 15),
	(101, '2023-09-10', '2023-09-10', 4547890123456789, 10),
	(102, '2023-07-15', '2023-07-15', 5658901234567890, 20),
	(103, '2023-09-15', '2023-09-15', 6769012345678901, 25),
	(104, '2023-09-09', '2023-09-09', 7870123456789012, 5),
	(105, '2023-09-01', '2023-09-01', 8981234567890123, 15),
	(106, '2023-09-05', '2023-09-05', 9092345678901234, 10),
	(107, '2023-09-14', '2023-09-14', 1231567890123456, 20),
	(108, '2023-09-20', '2023-09-20', 2342678901234567, 25),
	(109, '2023-09-30', '2023-09-30', 3453789012345678, 5),
	(110, '2023-07-04', '2023-07-04', 4564890123456789, 15),
	(111, '2023-09-10', '2023-09-10', 5675901234567890, 10),
	(112, '2023-09-30', '2023-09-30', 6786012345678901, 20),
	(113, '2023-09-10', '2023-09-10', 7897123456789012, 25),
	(114, '2023-09-14', '2023-09-14', 8908234567890123, 5),
	(115, '2023-09-28', '2023-09-28', 9019345678901234, 15),
	(116, '2023-09-12', '2023-09-12', 1234167890123456, 10),
	(117, '2023-07-22', '2023-07-22', 2345178901234567, 20),
	(118, '2023-09-05', '2023-09-05', 3456289012345678, 25),
	(119, '2023-09-08', '2023-09-08', 4567390123456789, 5),
	(120, '2023-09-15', '2023-09-15', 5678401234567890, 15),
	(121, '2023-09-19', '2023-09-19', 6789512345678901, 10),
	(122, '2023-09-25', '2023-09-25', 7890623456789012, 20),
	(123, '2023-07-18', '2023-07-18', 8901734567890123, 25),
	(124, '2023-09-23', '2023-09-23', 9012845678901234, 5),
	(125, '2023-09-23', '2023-09-23', 1234967890123456, 15),
	(126, '2023-09-18', '2023-09-18', 2345618901234567, 10),
	(127, '2023-09-30', '2023-09-30', 3456729012345678, 20),
	(128, '2023-09-20', '2023-09-20', 4567830123456789, 25),
	(129, '2023-09-30', '2023-09-30', 5678941234567890, 5),
	(130, '2023-07-18', '2023-07-18', 6789052345678901, 15),
	(131, '2023-10-22', '2023-10-22', 2345678901231567, 10),
	(132, '2023-10-10', '2023-10-10', 3456789012342678, 20),
	(133, '2023-10-29', '2023-10-29', 4567890123453789, 25),
	(134, '2023-10-02', '2023-10-02', 5678901234564890, 5),
	(135, '2023-10-11', '2023-10-11', 6789012345675901, 15),
	(136, '2023-10-06', '2023-10-06', 7890123456786012, 10),
	(137, '2023-10-15', '2023-10-15', 8901234567897123, 20),
	(138, '2023-10-10', '2023-10-10', 9012345678908234, 25),
	(139, '2023-10-03', '2023-10-03', 1234567890129456, 5),
	(140, '2023-08-10', '2023-08-10', 2345678901234167, 15),
	(141, '2023-10-15', '2023-10-15', 2345679901234267, 10),
	(142, '2023-10-17', '2023-10-17', 3456789012345378, 20),
	(143, '2023-10-27', '2023-10-27', 4567890123456489, 25),
	(144, '2023-10-13', '2023-10-13', 5678901234567590, 5),
	(145, '2023-10-21', '2023-10-21', 6789012345678601, 15),
	(146, '2023-10-20', '2023-10-20', 7890123456789712, 10),
	(147, '2023-08-02', '2023-08-02', 8901234567890823, 20),
	(148, '2023-10-30', '2023-10-30', 9012345678901934, 25),
	(149, '2023-10-10', '2023-10-10', 1234567890123416, 5),
	(150, '2023-10-25', '2023-10-25', 2345678901234527, 15),
    (151, '2023-10-05', '2023-10-05', 3456789012345638, 10),
	(152, '2023-10-15', '2023-10-15', 4567890123456749, 20),
	(153, '2023-10-15', '2023-10-15', 5678901234567850, 25),
	(154, '2023-08-15', '2023-08-15', 6789012345678961, 5),
	(155, '2023-10-29', '2023-10-29', 7890123456789072, 15),
	(156, '2023-10-19', '2023-10-19', 8901234567890183, 10),
	(157, '2023-08-20', '2023-08-20', 9012345678901294, 20),
	(158, '2023-10-22', '2023-10-22', 1234567890123451, 25),
	(159, '2023-10-25', '2023-10-25', 2345678901234562, 5),
	(160, '2023-10-14', '2023-10-14', 3456789012345673, 15),
	(161, '2023-08-17', '2023-08-17', 4567890123456784, 10),
	(162, '2023-10-20', '2023-10-20', 5678901234567895, 20),
	(163, '2023-10-02', '2023-10-02', 6789012345678906, 25),
	(164, '2023-10-05', '2023-10-05', 7890123456789017, 5),
	(165, '2023-10-20', '2023-10-20', 8901234567890128, 15),
	(166, '2023-10-10', '2023-10-10', 9012345678901239, 10),
	(167, '2023-10-10', '2023-10-10', 1234567890123459, 20),
	(168, '2023-10-15', '2023-10-15', 1145678901234567, 25),
	(169, '2023-10-17', '2023-10-17', 2256789012345678, 5),
	(170, '2023-10-05', '2023-10-05', 3367890123456789, 15),
	(171, '2023-08-29', '2023-08-29', 4478901234567890, 10),
	(172, '2023-10-29', '2023-10-29', 5589012345678901, 20),
	(173, '2023-10-27', '2023-10-27', 6690123456789012, 25),
	(174, '2023-10-22', '2023-10-22', 7701234567890123, 5),
	(175, '2023-10-11', '2023-10-11', 8812345678901234, 15),
	(176, '2023-10-15', '2023-10-15', 9934567890123456, 10),
	(177, '2023-08-05', '2023-08-05', 2115678901234567, 20),
	(178, '2023-08-10', '2023-08-10', 3226789012345678, 25),
	(179, '2023-10-15', '2023-10-15', 4337890123456789, 5),
	(180, '2023-10-30', '2023-10-30', 5448901234567890, 15),
	(181, '2023-10-15', '2023-10-15', 6559012345678901, 10),
	(182, '2023-10-25', '2023-10-25', 7660123456789012, 20),
	(183, '2023-08-30', '2023-08-30', 8771234567890123, 25),
	(184, '2023-10-05', '2023-10-05', 9882345678901234, 5),
	(185, '2023-10-15', '2023-10-15', 1994567890123456, 15),
	(186, '2023-10-10', '2023-10-10', 2311678901234567, 10),
	(187, '2023-10-20', '2023-10-20', 3422789012345678, 20),
	(188, '2023-10-25', '2023-10-25', 4533890123456789, 25),
	(189, '2023-08-10', '2023-08-10', 5644901234567890, 5),
	(190, '2023-10-20', '2023-10-20', 6755012345678901, 15),
	(191, '2023-10-27', '2023-10-27', 7866123456789012, 10),
	(192, '2023-10-10', '2023-10-10', 8977234567890123, 20),
	(193, '2023-10-17', '2023-10-17', 9088345678901234, 25),
	(194, '2023-08-15', '2023-08-15', 1299567890123456, 5),
	(195, '2023-10-29', '2023-10-29', 2337118901234567, 15),
	(196, '2023-10-20', '2023-10-20', 3456229012345678, 10),
	(197, '2023-10-05', '2023-10-05', 4567330123456789, 20),
	(198, '2023-10-10', '2023-10-10', 5678441234567890, 25),
	(199, '2023-10-20', '2023-10-20', 6789552345678901, 5),
	(200, '2023-10-17', '2023-10-17', 7890663456789012, 15),
	(201, '2023-10-25', '2023-10-25', 8901774567890123, 10),
	(202, '2023-10-10', '2023-10-10', 9012885678901234, 20),
	(203, '2023-10-15', '2023-10-15', 1234997890123456, 25),
	(204, '2023-10-20', '2023-10-20', 2345611901234567, 5),
	(205, '2023-08-25', '2023-08-25', 3456722012345678, 15),
	(206, '2023-10-25', '2023-10-25', 4567833123456789, 10),
	(207, '2023-10-30', '2023-10-30', 5678944234567890, 20),
	(208, '2023-10-20', '2023-10-20', 6789055345678901, 25),
	(209, '2023-10-25', '2023-10-25', 7890166456789012, 5),
	(210, '2023-10-30', '2023-10-30', 8901277567890123, 15),
	(211, '2023-10-05', '2023-10-05', 9012388678901234, 10),
	(212, '2023-10-25', '2023-10-25', 1234599890123456, 20),
	(213, '2023-10-30', '2023-10-30', 2345671101234567, 25),
	(214, '2023-08-05', '2023-08-05', 3456782212345678, 5),
	(215, '2023-10-15', '2023-10-15', 4567893323456789, 15),
	(216, '2023-10-10', '2023-10-10', 5678904434567890, 10),
	(217, '2023-10-15', '2023-10-15', 6789015545678901, 20),
	(218, '2023-10-20', '2023-10-20', 7890126656789012, 25),
	(219, '2023-10-25', '2023-10-25', 8901237767890123, 5),
	(220, '2023-10-30', '2023-10-30', 9012348878901234, 15),
    (221, '2023-10-15', '2023-10-15', 1234569990123456, 10),
	(222, '2023-10-30', '2023-10-30', 2345672301234567, 20),
	(223, '2023-08-05', '2023-08-05', 3456789011345678, 25),
	(224, '2023-10-10', '2023-10-10', 4567890122456789, 5),
	(225, '2023-10-25', '2023-10-25', 5678901233567890, 15),
	(226, '2023-10-20', '2023-10-20', 6789012344678901, 10),
	(227, '2023-10-10', '2023-10-10', 7890123455789012, 20),
	(228, '2023-10-15', '2023-10-15', 8901234566890123, 25),
	(229, '2023-10-20', '2023-10-20', 9012345677901234, 5),
	(230, '2023-10-30', '2023-10-30', 1234567898123456, 15),
	(231, '2023-08-05', '2023-08-05', 3345678901234567, 5),
	(232, '2023-08-18', '2023-08-18', 4456789012345678, 15),
	(233, '2023-08-09', '2023-08-09', 5567890123456789, 20),
	(234, '2023-08-15', '2023-08-15', 6678901234567890, 5),
	(235, '2023-06-01', '2023-06-01', 7789012345678901, 10),
	(236, '2023-08-10', '2023-08-10', 8890123456789012, 5),
	(237, '2023-08-10', '2023-08-10', 9901234567890123, 15),
	(238, '2023-08-20', '2023-08-20', 1012345678901234, 20),
	(239, '2023-08-11', '2023-08-11', 1134567890123456, 10),
	(240, '2023-08-08', '2023-08-08', 2245678901234567, 5),
	(241, '2023-08-15', '2023-08-15', 3356789012345678, 5),
	(242, '2023-08-05', '2023-08-05', 4467890123456789, 15),
	(243, '2023-08-30', '2023-08-30', 5578901234567890, 25),
	(244, '2023-08-14', '2023-08-14', 6689012345678901, 20),
	(245, '2023-06-23', '2023-06-23', 7790123456789012, 5),
	(246, '2023-08-25', '2023-08-25', 8801234567890123, 10),
	(247, '2023-08-08', '2023-08-08', 9912345678901234, 15),
	(248, '2023-08-03', '2023-08-03', 1214567890123456, 15),
	(249, '2023-08-28', '2023-08-28', 2325678901234567, 20),
	(250, '2023-08-25', '2023-08-25', 3436789012345678, 25),
    (251, '2023-08-10', '2023-08-10', 4547890123456789, 10),
	(252, '2023-06-15', '2023-06-15', 5658901234567890, 10),
	(253, '2023-08-15', '2023-08-15', 6769012345678901, 5),
	(254, '2023-08-09', '2023-08-09', 7870123456789012, 5),
	(255, '2023-08-01', '2023-08-01', 8981234567890123, 25),
	(256, '2023-08-05', '2023-08-05', 9092345678901234, 20),
	(257, '2023-08-14', '2023-08-14', 1231567890123456, 15),
	(258, '2023-08-20', '2023-08-20', 2342678901234567, 15),
	(259, '2023-08-30', '2023-08-30', 3453789012345678, 10),
	(260, '2023-06-04', '2023-06-04', 4564890123456789, 20),
	(261, '2023-08-10', '2023-08-10', 5675901234567890, 25),
	(262, '2023-08-30', '2023-08-30', 6786012345678901, 15),
	(263, '2023-08-10', '2023-08-10', 7897123456789012, 10),
	(264, '2023-08-14', '2023-08-14', 8908234567890123, 20),
	(265, '2023-08-28', '2023-08-28', 9019345678901234, 25),
	(266, '2023-08-12', '2023-08-12', 1234167890123456, 5),
	(267, '2023-06-22', '2023-06-22', 2345178901234567, 15),
	(268, '2023-08-05', '2023-08-05', 3456289012345678, 10),
	(269, '2023-08-08', '2023-08-08', 4567390123456789, 20),
	(270, '2023-08-15', '2023-08-15', 5678401234567890, 5),
	(271, '2023-08-19', '2023-08-19', 6789512345678901, 20),
	(272, '2023-08-25', '2023-08-25', 7890623456789012, 25),
	(273, '2023-06-18', '2023-06-18', 8901734567890123, 15),
	(274, '2023-08-23', '2023-08-23', 9012845678901234, 10),
	(275, '2023-08-23', '2023-08-23', 1234967890123456, 25),
	(276, '2023-08-18', '2023-08-18', 2345618901234567, 20),
	(277, '2023-08-30', '2023-08-30', 3456729012345678, 15),
	(278, '2023-08-20', '2023-08-20', 4567830123456789, 10),
	(279, '2023-08-30', '2023-08-30', 5678941234567890, 20),
	(280, '2023-06-18', '2023-06-18', 6789052345678901, 15),
    (281, '2023-09-05', '2023-09-05', 3456789012345638, 5),
	(282, '2023-09-15', '2023-09-15', 4567890123456749, 10),
	(283, '2023-09-15', '2023-09-15', 5678901234567850, 20),
	(284, '2023-07-15', '2023-07-15', 6789012345678961, 25),
	(285, '2023-09-29', '2023-09-29', 7890123456789072, 5),
	(286, '2023-09-19', '2023-09-19', 8901234567890183, 15),
	(287, '2023-07-20', '2023-07-20', 9012345678901294, 20),
	(288, '2023-09-22', '2023-09-22', 1234567890123451, 10),
	(289, '2023-09-25', '2023-09-25', 2345678901234562, 20),
	(290, '2023-09-14', '2023-09-14', 3456789012345673, 25),
	(291, '2023-07-17', '2023-07-17', 4567890123456784, 15),
	(292, '2023-09-20', '2023-09-20', 5678901234567895, 5),
	(293, '2023-09-02', '2023-09-02', 6789012345678906, 10),
	(294, '2023-09-05', '2023-09-05', 7890123456789017, 20),
	(295, '2023-09-20', '2023-09-20', 8901234567890128, 25),
	(296, '2023-09-10', '2023-09-10', 9012345678901239, 5),
	(297, '2023-09-10', '2023-09-10', 1234567890123459, 15),
	(298, '2023-09-15', '2023-09-15', 1145678901234567, 20),
	(299, '2023-09-17', '2023-09-17', 2256789012345678, 10),
	(300, '2023-09-05', '2023-09-05', 3367890123456789, 20),
    (301, '2023-07-15', '2023-07-15', 1234567890123456, 25),
	(302, '2023-07-20', '2023-07-20', 2345678901234567, 5),
	(303, '2023-07-25', '2023-07-25', 3456789012345678, 15),
	(304, '2023-07-30', '2023-07-30', 4567890123456789, 15),
	(305, '2023-05-16', '2023-05-16', 5678901234567890, 10),
	(306, '2023-07-04', '2023-07-04', 6789012345678901, 20),
	(307, '2023-07-14', '2023-07-14', 7890123456789012, 15),
	(308, '2023-07-01', '2023-07-01', 8901234567890123, 25),
	(309, '2023-07-22', '2023-07-22', 9012345678901234, 5),
	(310, '2023-07-30', '2023-07-30', 2234567890123456, 15),
	(311, '2023-08-05', '2023-08-05', 3345678901234567, 10),
	(312, '2023-07-18', '2023-07-18', 4456789012345678, 20),
	(313, '2023-07-09', '2023-07-09', 5567890123456789, 25),
	(314, '2023-07-15', '2023-07-15', 6678901234567890, 15),
	(315, '2023-05-15', '2023-05-15', 7789012345678901, 10),
	(316, '2023-07-01', '2023-07-01', 8890123456789012, 5),
	(317, '2023-07-10', '2023-07-10', 9901234567890123, 5),
	(318, '2023-07-20', '2023-07-20', 1012345678901234, 15),
	(319, '2023-07-11', '2023-07-11', 1134567890123456, 10),
	(320, '2023-07-08', '2023-07-08', 2245678901234567, 15),
	(321, '2023-07-15', '2023-07-15', 3356789012345678, 5),
	(322, '2023-07-05', '2023-07-05', 4467890123456789, 20),
	(323, '2023-07-30', '2023-07-30', 5578901234567890, 20),
	(324, '2023-07-14', '2023-07-14', 6689012345678901, 15),
	(325, '2023-05-23', '2023-05-23', 7790123456789012, 5),
	(326, '2023-07-25', '2023-07-25', 8801234567890123, 15),
	(327, '2023-07-08', '2023-07-08', 9912345678901234, 25),
	(328, '2023-07-03', '2023-07-03', 1214567890123456, 15),
	(329, '2023-07-28', '2023-07-28', 2325678901234567, 5),
	(330, '2023-07-25', '2023-07-25', 3436789012345678, 5),
	(331, '2023-07-10', '2023-07-10', 4547890123456789, 10),
	(332, '2023-05-15', '2023-05-15', 5658901234567890, 15),
	(333, '2023-07-15', '2023-07-15', 6769012345678901, 25),
	(334, '2023-07-09', '2023-07-09', 7870123456789012, 20),
	(335, '2023-07-01', '2023-07-01', 8981234567890123, 15),
	(336, '2023-07-05', '2023-07-05', 9092345678901234, 15),
	(337, '2023-07-14', '2023-07-14', 1231567890123456, 20),
	(338, '2023-07-20', '2023-07-20', 2342678901234567, 15),
	(339, '2023-07-30', '2023-07-30', 3453789012345678, 10),
	(340, '2023-05-04', '2023-05-04', 4564890123456789, 5),
	(341, '2023-07-10', '2023-07-10', 5675901234567890, 20),
	(342, '2023-07-30', '2023-07-30', 6786012345678901, 25),
	(343, '2023-07-10', '2023-07-10', 7897123456789012, 10),
	(344, '2023-07-14', '2023-07-14', 8908234567890123, 25),
	(345, '2023-07-28', '2023-07-28', 9019345678901234, 5),
	(346, '2023-07-12', '2023-07-12', 1234167890123456, 10),
	(347, '2023-05-22', '2023-05-22', 2345178901234567, 15),
	(348, '2023-07-05', '2023-07-05', 3456289012345678, 20),
	(349, '2023-07-08', '2023-07-08', 4567390123456789, 5),
	(350, '2023-07-15', '2023-07-15', 5678401234567890, 15),
    (351, '2023-06-15', '2023-06-15', 1234567890123456, 20),
	(352, '2023-06-20', '2023-06-20', 2345678901234567, 25),
	(353, '2023-06-25', '2023-06-25', 3456789012345678, 5),
	(354, '2023-06-30', '2023-06-30', 4567890123456789, 10),
	(355, '2023-04-16', '2023-04-16', 5678901234567890, 10),
	(356, '2023-06-04', '2023-06-04', 6789012345678901, 10),
	(357, '2023-06-14', '2023-06-14', 7890123456789012, 25),
	(358, '2023-06-01', '2023-06-01', 8901234567890123, 5),
	(359, '2023-06-22', '2023-06-22', 9012345678901234, 20),
	(360, '2023-06-30', '2023-06-30', 2234567890123456, 5),
	(361, '2023-06-05', '2023-06-05', 3345678901234567, 5),
	(362, '2023-06-18', '2023-06-18', 4456789012345678, 5),
	(363, '2023-06-09', '2023-06-09', 5567890123456789, 10),
	(364, '2023-06-15', '2023-06-15', 6678901234567890, 15),
	(365, '2023-04-15', '2023-04-15', 7789012345678901, 5),
	(366, '2023-06-01', '2023-06-01', 8890123456789012, 15),
	(367, '2023-06-10', '2023-06-10', 9901234567890123, 20),
	(368, '2023-06-20', '2023-06-20', 1012345678901234, 15),
	(369, '2023-06-11', '2023-06-11', 1134567890123456, 10),
	(370, '2023-06-08', '2023-06-08', 2245678901234567, 25),
	(371, '2023-06-15', '2023-06-15', 3356789012345678, 15),
	(372, '2023-06-05', '2023-06-05', 4467890123456789, 10),
	(373, '2023-06-30', '2023-06-30', 5578901234567890, 10),
	(374, '2023-06-14', '2023-06-14', 6689012345678901, 5),
	(375, '2023-04-23', '2023-04-23', 7790123456789012, 5),
	(376, '2023-06-25', '2023-06-25', 8801234567890123, 20),
	(377, '2023-06-08', '2023-06-08', 9912345678901234, 15),
	(378, '2023-06-03', '2023-06-03', 1214567890123456, 25),
	(379, '2023-06-28', '2023-06-28', 2325678901234567, 15),
	(380, '2023-06-25', '2023-06-25', 3436789012345678, 15),
	(381, '2023-06-10', '2023-06-10', 4547890123456789, 15),
	(382, '2023-04-15', '2023-04-15', 5658901234567890, 10),
	(383, '2023-06-15', '2023-06-15', 6769012345678901, 15),
	(384, '2023-06-09', '2023-06-09', 7870123456789012, 5),
	(385, '2023-06-01', '2023-06-01', 8981234567890123, 5),
	(386, '2023-06-05', '2023-06-05', 9092345678901234, 10),
	(387, '2023-06-14', '2023-06-14', 1231567890123456, 5),
	(388, '2023-06-20', '2023-06-20', 2342678901234567, 25),
	(389, '2023-06-30', '2023-06-30', 3453789012345678, 20),
	(390, '2023-04-04', '2023-04-04', 4564890123456789, 15),
	(391, '2023-06-10', '2023-06-10', 5675901234567890, 10),
	(392, '2023-06-30', '2023-06-30', 6786012345678901, 15),
	(393, '2023-06-10', '2023-06-10', 7897123456789012, 5),
	(394, '2023-06-14', '2023-06-14', 8908234567890123, 20),
	(395, '2023-06-28', '2023-06-28', 9019345678901234, 15),
	(396, '2023-06-12', '2023-06-12', 1234167890123456, 10),
	(397, '2023-04-22', '2023-04-22', 2345178901234567, 10),
	(398, '2023-06-05', '2023-06-05', 3456289012345678, 15),
	(399, '2023-06-08', '2023-06-08', 4567390123456789, 20),
	(400, '2023-06-15', '2023-06-15', 5678401234567890, 15),
    (401, '2023-05-15', '2023-05-15', 1234567890123456, 5),
	(402, '2023-05-20', '2023-05-20', 2345678901234567, 5),
	(403, '2023-05-25', '2023-05-25', 3456789012345678, 15),
	(404, '2023-05-30', '2023-05-30', 4567890123456789, 20),
	(405, '2023-03-16', '2023-03-16', 5678901234567890, 15),
	(406, '2023-05-04', '2023-05-04', 6789012345678901, 25),
	(407, '2023-05-14', '2023-05-14', 7890123456789012, 10),
	(408, '2023-05-01', '2023-05-01', 8901234567890123, 10),
	(409, '2023-05-22', '2023-05-22', 9012345678901234, 5),
	(410, '2023-05-30', '2023-05-30', 2234567890123456, 25),
	(411, '2023-05-05', '2023-05-05', 3345678901234567, 15),
	(412, '2023-05-18', '2023-05-18', 4456789012345678, 20),
	(413, '2023-05-09', '2023-05-09', 5567890123456789, 10),
	(414, '2023-05-15', '2023-05-15', 6678901234567890, 10),
	(415, '2023-03-15', '2023-03-15', 7789012345678901, 25),
	(416, '2023-05-01', '2023-05-01', 8890123456789012, 10),
	(417, '2023-05-10', '2023-05-10', 9901234567890123, 15),
	(418, '2023-05-20', '2023-05-20', 1012345678901234, 15),
	(419, '2023-05-11', '2023-05-11', 1134567890123456, 5),
	(420, '2023-05-08', '2023-05-08', 2245678901234567, 5),
	(421, '2023-05-15', '2023-05-15', 3356789012345678, 5),
	(422, '2023-05-05', '2023-05-05', 4467890123456789, 10),
	(423, '2023-05-30', '2023-05-30', 5578901234567890, 15),
	(424, '2023-05-14', '2023-05-14', 6689012345678901, 15),
	(425, '2023-03-23', '2023-03-23', 7790123456789012, 10),
	(426, '2023-05-25', '2023-05-25', 8801234567890123, 20),
	(427, '2023-05-08', '2023-05-08', 9912345678901234, 20),
	(428, '2023-05-03', '2023-05-03', 1214567890123456, 15),
	(429, '2023-05-28', '2023-05-28', 2325678901234567, 25),
	(430, '2023-05-25', '2023-05-25', 3436789012345678, 15),
	(431, '2023-05-10', '2023-05-10', 4547890123456789, 5),
	(432, '2023-03-15', '2023-03-15', 5658901234567890, 5),
	(433, '2023-05-15', '2023-05-15', 6769012345678901, 5),
	(434, '2023-05-09', '2023-05-09', 7870123456789012, 15),
	(435, '2023-05-01', '2023-05-01', 8981234567890123, 10),
	(436, '2023-05-05', '2023-05-05', 9092345678901234, 10),
	(437, '2023-05-14', '2023-05-14', 1231567890123456, 5),
	(438, '2023-05-20', '2023-05-20', 2342678901234567, 15),
	(439, '2023-05-30', '2023-05-30', 3453789012345678, 20),
	(440, '2023-03-04', '2023-03-04', 4564890123456789, 20),
	(441, '2023-05-10', '2023-05-10', 5675901234567890, 25),
	(442, '2023-05-30', '2023-05-30', 6786012345678901, 15),
	(443, '2023-05-10', '2023-05-10', 7897123456789012, 10),
	(444, '2023-05-14', '2023-05-14', 8908234567890123, 20),
	(445, '2023-05-28', '2023-05-28', 9019345678901234, 15),
	(446, '2023-05-12', '2023-05-12', 1234167890123456, 10),
	(447, '2023-03-22', '2023-03-22', 2345178901234567, 25),
	(448, '2023-05-05', '2023-05-05', 3456289012345678, 10),
	(449, '2023-05-08', '2023-05-08', 4567390123456789, 15),
	(450, '2023-05-15', '2023-05-15', 5678401234567890, 20),
    (451, '2023-04-15', '2023-04-15', 1234567890123456, 15),
	(452, '2023-04-20', '2023-04-20', 2345678901234567, 10),
	(453, '2023-04-25', '2023-04-25', 3456789012345678, 10),
	(454, '2023-04-30', '2023-04-30', 4567890123456789, 5),
	(455, '2023-02-16', '2023-02-16', 5678901234567890, 10),
	(456, '2023-04-04', '2023-04-04', 6789012345678901, 15),
	(457, '2023-04-14', '2023-04-14', 7890123456789012, 20),
	(458, '2023-04-01', '2023-04-01', 8901234567890123, 20),
	(459, '2023-04-22', '2023-04-22', 9012345678901234, 5),
	(460, '2023-04-30', '2023-04-30', 2234567890123456, 5),
	(461, '2023-04-05', '2023-04-05', 3345678901234567, 10),
	(462, '2023-04-18', '2023-04-18', 4456789012345678, 10),
	(463, '2023-04-09', '2023-04-09', 5567890123456789, 5),
	(464, '2023-04-15', '2023-04-15', 6678901234567890, 5),
	(465, '2023-02-15', '2023-02-15', 7789012345678901, 5),
	(466, '2023-04-01', '2023-04-01', 8890123456789012, 25),
	(467, '2023-04-10', '2023-04-10', 9901234567890123, 20),
	(468, '2023-04-20', '2023-04-20', 1012345678901234, 15),
	(469, '2023-04-11', '2023-04-11', 1134567890123456, 20),
	(470, '2023-04-08', '2023-04-08', 2245678901234567, 15),
	(471, '2023-04-15', '2023-04-15', 3356789012345678, 15),
	(472, '2023-04-05', '2023-04-05', 4467890123456789, 10),
	(473, '2023-04-30', '2023-04-30', 5578901234567890, 10),
	(474, '2023-04-14', '2023-04-14', 6689012345678901, 5),
	(475, '2023-02-23', '2023-02-23', 7790123456789012, 5),
	(476, '2023-04-25', '2023-04-25', 8801234567890123, 10),
	(477, '2023-04-08', '2023-04-08', 9912345678901234, 15),
	(478, '2023-04-03', '2023-04-03', 1214567890123456, 5),
	(479, '2023-04-28', '2023-04-28', 2325678901234567, 15),
	(480, '2023-04-25', '2023-04-25', 3436789012345678, 20);
    
# - - - - POPOLAMENTO TABELLA Film - - - - 

INSERT INTO Film (ID, PunteggioArtisti, PunteggioRecensioni, Durata, Titolo, DataPubblicazione, Descrizione, PaeseProduzione, LingueAudio, LingueSottotitoli, Genere)
VALUES
    (1, NULL, 25, 175, 'Il Padrino', '1972-03-24', 'Un potente clan mafioso affronta i cambiamenti nella società americana.', 'Stati Uniti',    'Italiano, Inglese, Spagnolo', 'Italiano, Inglese, Spagnolo', 'Drammatico'),
    (2, NULL, 25, 142, 'Forrest Gump', '1994-07-06', 'La straordinaria vita di un uomo con un quoziente intellettivo basso.', 'Stati Uniti', 'Italiano, Inglese, Tedesco', 'Italiano, Inglese, Tedesco', 'Drammatico'),
    (3, NULL, 25, 195, 'Schindler''s List', '1993-12-15', 'Un uomo cerca di salvare ebraici durante l''Olocausto.', 'Stati Uniti', 'Italiano, Inglese, Francese', 'Italiano, Inglese, Francese', 'Drammatico'),
    (4, NULL, NULL, 154, 'Pulp Fiction', '1994-05-12', 'Storie incrociate di criminali a Los Angeles.', 'Stati Uniti', 'Italiano, Inglese, Tedesco', 'Italiano, Inglese, Tedesco', 'Crime'),
    (5, NULL, NULL, 201, 'Il Signore degli Anelli: Il Ritorno del Re', '2003-12-17', 'La conclusione epica della saga fantasy di Tolkien.', 'Nuova Zelanda', 'Italiano, Inglese, Cinese', 'Italiano, Inglese, Cinese', 'Fantasy'),
    (6, NULL, NULL, 229, 'C''era una Volta in America', '1984-02-17', 'Le vicende di un gruppo di gangster ebrei nella New York del XX secolo.', 'Stati Uniti', 'Italiano, Inglese, Francese', 'Italiano, Inglese, Francese', 'Crime'),
    (7, NULL, NULL, 102, 'Casablanca', '1942-01-23', 'Un proprietario di un nightclub cerca di aiutare fuggitivi durante la Seconda Guerra Mondiale.', 'Stati Uniti', 'Italiano, Inglese, Spagnolo', 'Italiano, Inglese, Spagnolo', 'Romantico'),
    (8, NULL, NULL, 119, 'Gli Intoccabili', '1987-06-03', 'L''agente federale Eliot Ness lotta contro il gangster Al Capone a Chicago.', 'Stati Uniti', 'Italiano, Inglese, Tedesco', 'Italiano, Inglese, Tedesco', 'Crime'),
    (9, NULL, NULL, 113, 'Taxi Driver', '1976-02-08', 'Un tassista alienato cerca di liberare la città dalla corruzione.', 'Stati Uniti', 'Italiano, Inglese, Cinese', 'Italiano, Inglese, Cinese', 'Drammatico'),
    (10, NULL, NULL, 124, 'L''Impero Colpisce Ancora', '1980-05-21', 'La ribellione contro l''Impero Galattico continua.', 'Stati Uniti', 'Italiano, Inglese, Francese', 'Italiano, Inglese, Francese', 'Fantasy'),
    (11, NULL, NULL, 116, 'La Vita è Bella', '1997-12-20', 'Un uomo cerca di far credere a suo figlio che il campo di concentramento in cui sono internati è un gioco.', 'Italia', 'Italiano, Inglese, Spagnolo', 'Italiano, Inglese, Spagnolo', 'Commedia'),
    (12, NULL, NULL, 113, 'Memento', '2000-09-05', 'Un uomo soffre di perdita di memoria a breve termine e cerca di risolvere un omicidio.', 'Stati Uniti', 'Italiano, Inglese, Tedesco', 'Italiano, Inglese, Tedesco', 'Crime'),
    (13, NULL, NULL, 115, 'E.T. l''Extraterrestre', '1982-06-11', 'Un ragazzo fa amicizia con un alieno e cerca di aiutarlo a tornare a casa.', 'Stati Uniti', 'Italiano, Inglese, Cinese', 'Italiano, Inglese, Cinese', 'Fantascienza'),
    (14, NULL, NULL, 174, 'La Dolce Vita', '1960-02-05', 'Un giornalista cerca il significato della vita nella vivace Roma.', 'Italia', 'Italiano, Inglese, Francese', 'Italiano, Inglese, Francese', 'Drammatico'),
    (15, NULL, NULL, 136, 'Matrix', '1999-03-24', 'Un hacker scopre che il mondo è una simulazione controllata da macchine.', 'Stati Uniti', 'Italiano, Inglese, Tedesco', 'Italiano, Inglese, Tedesco', 'Azione'),
    (16, NULL, NULL, 162, 'Avatar', '2009-12-18', 'Un soldato esploratore si unisce a una tribù aliena su un pianeta lontano.', 'Stati Uniti', 'Italiano, Inglese, Cinese', 'Italiano, Inglese, Cinese', 'Fantascienza'),
    (17, NULL, NULL, 130, 'Lo Squalo', '1975-06-20', 'Un grande squalo bianco minaccia una località balneare.', 'Stati Uniti', 'Italiano, Inglese, Tedesco', 'Italiano, Inglese, Tedesco', 'Horror'),
    (18, NULL, NULL, 142, 'La Grande Bellezza', '2013-05-21', 'Un giornalista riflette sulla vita e la cultura di Roma.', 'Italia', 'Italiano, Inglese, Francese', 'Italiano, Inglese, Francese', 'Drammatico'),
    (19, NULL, NULL, 144, 'The Martian', '2015-09-30', 'Un astronauta è lasciato indietro su Marte e deve cercare di sopravvivere.', 'Stati Uniti', 'Italiano, Inglese, Spagnolo', 'Italiano, Inglese, Spagnolo', 'Fantascienza'),
    (20, NULL, NULL, 139, 'Fight Club', '1999-10-15', 'Un uomo scopre un''organizzazione segreta che sfida lo status quo.', 'Stati Uniti', 'Italiano, Inglese, Tedesco', 'Italiano, Inglese, Tedesco', 'Drammatico'),
    (21, NULL, NULL, 106, 'I Soliti Sospetti', '1995-08-16', 'Criminali si incontrano durante un interrogatorio di polizia.', 'Stati Uniti', 'Italiano, Inglese, Spagnolo', 'Italiano, Inglese, Spagnolo', 'Crime'),
    (22, NULL, NULL, 183, 'Il Cacciatore', '1978-12-08', 'Le esperienze di un reduce della guerra del Vietnam.', 'Stati Uniti', 'Italiano, Inglese, Francese', 'Italiano, Inglese, Francese', 'Drammatico'),
    (23, NULL, NULL, 127, 'L''alba dei Morti Viventi', '2004-03-19', 'Sopravvissuti cercano rifugio da zombie in una centrale commerciale.', 'Stati Uniti', 'Italiano, Inglese, Tedesco', 'Italiano, Inglese, Tedesco', 'Horror'),
    (24, NULL, NULL, 122, 'Il Favoloso Mondo di Amélie', '2001-04-25', 'Una giovane donna parigina cerca di migliorare la vita degli altri.', 'Francia', 'Italiano, Inglese, Francese', 'Italiano, Inglese, Francese', 'Commedia'),
    (25, NULL, NULL, 155, 'Il Gladiatore', '2000-05-05', 'Un generale romano cerca vendetta dopo essere stato tradito.', 'Stati Uniti', 'Italiano, Inglese, Spagnolo', 'Italiano, Inglese, Spagnolo', 'Azione'),
    (26, NULL, NULL, 99,  'Il Migliore', '2001-05-11', 'La vita di un giovane rapper in un quartiere difficile.', 'Stati Uniti', 'Italiano, Inglese, Tedesco', 'Italiano, Inglese, Tedesco', 'Drammatico'),
    (27, NULL, NULL, 121, 'I Fratelli Sisters', '2018-09-02', 'Due fratelli assassini partono per una missione nell''Ovest americano.', 'Stati Uniti', 'Italiano, Inglese, Spagnolo', 'Italiano, Inglese, Spagnolo', 'Western'),
    (28, NULL, NULL, 178, 'Il Signore degli Anelli: La Compagnia dell''Anello', '2001-12-19', 'Un gruppo di avventurieri parte per distruggere un potente anello magico.', 'Nuova Zelanda', 'Italiano, Inglese, Cinese', 'Italiano, Inglese, Cinese', 'Fantasy'),
    (29, NULL, NULL, 119, 'American History X', '1998-10-30', 'Un ex neonazista cerca di impedire a suo fratello di seguire i suoi passi.', 'Stati Uniti', 'Italiano, Inglese, Tedesco', 'Italiano, Inglese, Tedesco', 'Drammatico'),
    (30, NULL, NULL, 169, 'Salvate il Soldato Ryan', '1998-07-24', 'Un gruppo di soldati cerca di trovare un soldato disperso durante la Seconda Guerra Mondiale.', 'Stati Uniti', 'Italiano, Inglese, Francese', 'Italiano, Inglese, Francese', 'Azione'),
    (31, NULL, NULL, 116, 'Ritorno al Futuro', '1985-07-03', 'Un giovane torna indietro nel tempo con l''aiuto di un eccentrico scienziato.', 'Stati Uniti', 'Italiano, Inglese, Tedesco', 'Italiano, Inglese, Tedesco', 'Fantascienza'),
    (32, NULL, NULL, 127, 'Seven', '1995-09-22', 'Due detective inseguono un serial killer che punisce i peccati capitali.', 'Stati Uniti', 'Italiano, Inglese, Francese', 'Italiano, Inglese, Francese', 'Crime'),
    (33, NULL, NULL, 135, 'A Beautiful Mind', '2001-01-04', 'La vita del matematico John Nash, affetto da schizofrenia.', 'Stati Uniti', 'Italiano, Inglese, Spagnolo', 'Italiano, Inglese, Spagnolo', 'Drammatico'),
    (34, NULL, NULL, 183, 'Pearl Harbor', '2001-05-25', 'Gli eventi di Pearl Harbor durante la Seconda Guerra Mondiale.', 'Stati Uniti', 'Italiano, Inglese, Cinese', 'Italiano, Inglese, Cinese', 'Azione'),
    (35, NULL, NULL, 122, 'Joker', '2019-10-04', 'La trasformazione del comico fallito Arthur Fleck in Joker, il criminale di Gotham City.', 'Stati Uniti', 'Italiano, Inglese, Francese', 'Italiano, Inglese, Francese', 'Crime'),
    (36, NULL, NULL, 177, 'Braveheart', '1995-05-24', 'La storia di William Wallace e la sua lotta per l''indipendenza scozzese.', 'Stati Uniti', 'Italiano, Inglese, Tedesco', 'Italiano, Inglese, Tedesco', 'Azione'),
    (37, NULL, NULL, 118, 'Il Labirinto del Fauno', '2006-05-27', 'Una giovane ragazza scopre un mondo magico durante la guerra civile spagnola.', 'Spagna', 'Italiano, Inglese, Spagnolo', 'Italiano, Inglese, Spagnolo', 'Fantasy'),
    (38, NULL, NULL, 144, 'Shining', '1980-05-23', 'Una famiglia si trasferisce in un hotel isolato e il padre inizia a perdere la sanità mentale.', 'Stati Uniti', 'Italiano, Inglese, Tedesco', 'Italiano, Inglese, Tedesco', 'Horror'),
    (39, NULL, NULL, 150, 'Il Pianista', '2002-09-03', 'La storia vera di un pianista ebreo durante l''Olocausto a Varsavia.', 'Francia', 'Italiano, Inglese, Francese', 'Italiano, Inglese, Francese', 'Drammatico'),
    (40, NULL, NULL, 123, 'Jumanji: The Next Level', '2019-12-04', 'I giocatori di Jumanji ritornano in un mondo pericoloso e incontrollabile.', 'Stati Uniti', 'Italiano, Inglese, Tedesco', 'Italiano, Inglese, Tedesco', 'Azione'),
    (41, NULL, NULL, 118, 'Il Silenzio degli Innocenti', '1991-02-14', 'Un giovane agente dell''FBI cerca l''aiuto di un serial killer per risolvere un caso.', 'Stati Uniti', 'Italiano, Inglese, Francese', 'Italiano, Inglese, Francese', 'Crime'),
    (42, NULL, NULL, 179, 'La Vita di Adele', '2013-03-07', 'L''intenso amore tra due giovani donne.', 'Francia', 'Italiano, Inglese, Francese', 'Italiano, Inglese, Francese', 'Romantico'),
    (43, NULL, NULL, 111, 'Kill Bill: Volume 1', '2003-10-10', 'Una letale assassina si vendica contro i membri del suo ex team.', 'Stati Uniti', 'Italiano, Inglese, Spagnolo', 'Italiano, Inglese, Spagnolo', 'Azione'),
    (44, NULL, NULL, 138, 'Matrix Reloaded', '2003-05-15', 'Il ribelle Neo combatte le macchine nel mondo virtuale.', 'Stati Uniti', 'Italiano, Inglese, Tedesco', 'Italiano, Inglese, Tedesco', 'Fantascienza'),
    (45, NULL, NULL, 121, 'Star Wars: Episodio IV - Una Nuova Speranza', '1977-05-25', 'Una giovane contadina, un contrabbandiere e un Jedi si uniscono contro l''Impero.', 'Stati Uniti', 'Italiano, Inglese, Tedesco', 'Italiano, Inglese, Tedesco', 'Fantasy'),
    (46, NULL, NULL, 137, 'Terminator 2 - Il Giorno del Giudizio', '1991-07-03', 'Una cyborg del futuro cerca di proteggere un giovane leader ribelle.', 'Stati Uniti', 'Italiano, Inglese, Spagnolo', 'Italiano, Inglese, Spagnolo', 'Fantascienza'),
    (47, NULL, NULL, 180, 'The Wolf of Wall Street', '2013-12-25', 'La storia di un broker di Borsa corrotto a Wall Street.', 'Stati Uniti', 'Italiano, Inglese, Tedesco', 'Italiano, Inglese, Tedesco', 'Crime'),
    (48, NULL, NULL, 117, 'Blade Runner', '1982-06-25', 'Un ex-agente di polizia cerca di ritirare i ribelli androidi in un mondo distopico.', 'Stati Uniti', 'Italiano, Inglese, Cinese', 'Italiano, Inglese, Cinese', 'Fantascienza'),
    (49, NULL, NULL, 128, 'Il Cacciatore di Aquiloni', '2007-12-14', 'Un afghano-americano cerca di redimersi in Afghanistan.', 'Stati Uniti', 'Italiano, Inglese, Spagnolo', 'Italiano, Inglese, Spagnolo', 'Drammatico'),
    (50, NULL, NULL, 117, 'L''Uomo che Verrà', '2009-12-04', 'Una bambina vive le durezze della Seconda Guerra Mondiale in Italia.', 'Italia', 'Italiano, Inglese, Francese', 'Italiano, Inglese, Francese', 'Drammatico');
    
# - - - - POPOLAMENTO TABELLA FormatoAudio - - - - 

INSERT INTO FormatoAudio (ID, Nome, Bitrate, Qualita)
VALUES
    (1, 'mp3', 1000, 'qualita base'),
    (2, 'aac', 2000, 'alta qualita'),
    (3, 'wav', 5000, 'massima qualita');
    
# - - - - POPOLAMENTO TABELLA FormatoVideo - - - - 

INSERT INTO FormatoVideo (ID, Nome, Bitrate, RapportoVideo, Qualita, Risoluzione)
VALUES
    (1, 'mp4', 4000, '16:9', 'qualità base', '720x480'),
    (2, 'mov', 8000, '16:9', 'buona qualità', '1920x1080'),
	(3, 'avi', 15000, '16:9', 'alta qualità', '2560 x 1440'),
	(4, 'avchd', 20000, '16:9', 'massima qualità', '3840 x 2160');

# - - - - POPOLAMENTO TABELLA Offerta - - - -

INSERT INTO Offerta (NomeAbbonamento, ID_Contenuto, Visualizzabile)
VALUES
    ('basic', 1, TRUE),
    ('basic', 7, TRUE),
    ('basic', 13, TRUE),
    ('basic', 19, TRUE),
    ('basic', 25, TRUE),
    ('basic', 31, TRUE),
    ('basic', 37, TRUE),
    ('basic', 43, TRUE),
    ('basic', 49, TRUE),
    ('basic', 55, TRUE),
    ('basic', 61, TRUE),
    ('basic', 67, TRUE),
    ('basic', 73, TRUE),
    ('basic', 79, TRUE),
    ('basic', 85, TRUE),
    ('basic', 91, TRUE),
    ('basic', 97, TRUE),
    ('basic', 103, TRUE),
    ('basic', 109, TRUE),
    ('basic', 115, TRUE),
    ('basic', 121, TRUE),
    ('basic', 127, TRUE),
    ('basic', 133, TRUE),
    ('basic', 139, TRUE),
    ('basic', 145, TRUE),
    ('basic', 151, TRUE),
    ('basic', 157, TRUE),
    ('basic', 163, TRUE),
    ('basic', 169, TRUE),
    ('basic', 175, TRUE),
    ('basic', 181, TRUE),
    ('basic', 187, TRUE),
    ('basic', 193, TRUE),
    ('basic', 199, TRUE),
    ('basic', 205, TRUE),
    ('basic', 211, TRUE),
    ('basic', 217, TRUE),
    ('basic', 223, TRUE),
    ('basic', 229, TRUE),
    ('basic', 235, TRUE),
    ('basic', 241, TRUE),
    ('basic', 247, TRUE),
    ('basic', 253, TRUE),
    ('basic', 259, TRUE),
    ('basic', 265, TRUE),
    ('basic', 271, TRUE),
    ('basic', 277, TRUE),
    ('basic', 283, TRUE),
    ('basic', 289, TRUE),
    ('basic', 295, TRUE), 
    ('premium', 1, TRUE),
    ('premium', 2, TRUE),
    ('premium', 3, TRUE),
    ('premium', 7, TRUE),
    ('premium', 8, TRUE),
    ('premium', 9, TRUE),
    ('premium', 13, TRUE),
    ('premium', 14, TRUE),
    ('premium', 15, TRUE),
    ('premium', 19, TRUE),
    ('premium', 20, TRUE),
    ('premium', 21, TRUE),
    ('premium', 25, TRUE),
    ('premium', 26, TRUE),
    ('premium', 27, TRUE),
    ('premium', 31, TRUE),
    ('premium', 32, TRUE),
    ('premium', 33, TRUE),
    ('premium', 37, TRUE),
    ('premium', 38, TRUE),
    ('premium', 39, TRUE),
    ('premium', 43, TRUE),
    ('premium', 44, TRUE),
    ('premium', 45, TRUE),
    ('premium', 49, TRUE),
    ('premium', 50, TRUE),
    ('premium', 51, TRUE),
    ('premium', 55, TRUE),
    ('premium', 56, TRUE),
    ('premium', 57, TRUE),
    ('premium', 61, TRUE),
    ('premium', 62, TRUE),
    ('premium', 63, TRUE),
    ('premium', 67, TRUE),
    ('premium', 68, TRUE),
    ('premium', 69, TRUE),
    ('premium', 73, TRUE),
    ('premium', 74, TRUE),
    ('premium', 75, TRUE),
    ('premium', 79, TRUE),
    ('premium', 80, TRUE),
    ('premium', 81, TRUE),
    ('premium', 85, TRUE),
    ('premium', 86, TRUE),
    ('premium', 87, TRUE),
    ('premium', 91, TRUE),
    ('premium', 92, TRUE),
    ('premium', 93, TRUE),
    ('premium', 97, TRUE),
    ('premium', 98, TRUE),
    ('premium', 99, TRUE),
    ('premium', 103, TRUE),
    ('premium', 104, TRUE),
    ('premium', 105, TRUE),
    ('premium', 109, TRUE),
    ('premium', 110, TRUE),
    ('premium', 111, TRUE),
    ('premium', 115, TRUE),
    ('premium', 116, TRUE),
    ('premium', 117, TRUE),
    ('premium', 121, TRUE),
    ('premium', 122, TRUE),
    ('premium', 123, TRUE),
    ('premium', 127, TRUE),
    ('premium', 128, TRUE),
    ('premium', 129, TRUE),
    ('premium', 133, TRUE),
    ('premium', 134, TRUE),
    ('premium', 135, TRUE),
    ('premium', 139, TRUE),
    ('premium', 140, TRUE),
    ('premium', 141, TRUE),
    ('premium', 145, TRUE),
    ('premium', 146, TRUE),
    ('premium', 147, TRUE),
    ('premium', 151, TRUE),
    ('premium', 152, TRUE),
    ('premium', 153, TRUE),
    ('premium', 157, TRUE),
    ('premium', 158, TRUE),
    ('premium', 159, TRUE),
    ('premium', 163, TRUE),
    ('premium', 164, TRUE),
    ('premium', 165, TRUE),
    ('premium', 169, TRUE),
    ('premium', 170, TRUE),
    ('premium', 171, TRUE),
    ('premium', 175, TRUE),
    ('premium', 176, TRUE),
    ('premium', 177, TRUE),
    ('premium', 181, TRUE),
    ('premium', 182, TRUE),
    ('premium', 183, TRUE),
    ('premium', 187, TRUE),
    ('premium', 188, TRUE),
    ('premium', 189, TRUE),
    ('premium', 193, TRUE),
    ('premium', 194, TRUE),
    ('premium', 195, TRUE),
    ('premium', 199, TRUE),
    ('premium', 200, TRUE),
    ('premium', 201, TRUE),
    ('premium', 205, TRUE),
    ('premium', 206, TRUE),
    ('premium', 207, TRUE),
    ('premium', 211, TRUE),
    ('premium', 212, TRUE),
    ('premium', 213, TRUE),
    ('premium', 217, TRUE),
    ('premium', 218, TRUE),
    ('premium', 219, TRUE),
    ('premium', 223, TRUE),
    ('premium', 224, TRUE),
    ('premium', 225, TRUE),
    ('premium', 229, TRUE),
    ('premium', 230, TRUE),
    ('premium', 231, TRUE),
    ('premium', 235, TRUE),
    ('premium', 236, TRUE),
    ('premium', 237, TRUE),
    ('premium', 241, TRUE),
    ('premium', 242, TRUE),
    ('premium', 243, TRUE),
    ('premium', 247, TRUE),
    ('premium', 248, TRUE),
    ('premium', 249, TRUE),
    ('premium', 253, TRUE),
    ('premium', 254, TRUE),
    ('premium', 255, TRUE),
    ('premium', 259, TRUE),
    ('premium', 260, TRUE),
    ('premium', 261, TRUE),
    ('premium', 265, TRUE),
    ('premium', 266, TRUE),
    ('premium', 267, TRUE),
    ('premium', 271, TRUE),
    ('premium', 272, TRUE),
    ('premium', 273, TRUE),
    ('premium', 277, TRUE),
    ('premium', 278, TRUE),
    ('premium', 279, TRUE),
    ('premium', 283, TRUE),
    ('premium', 284, TRUE),
    ('premium', 285, TRUE),
    ('premium', 289, TRUE),
    ('premium', 290, TRUE),
    ('premium', 291, TRUE),
    ('premium', 295, TRUE),
    ('premium', 296, TRUE),
    ('premium', 297, TRUE),
    ('pro', 1, TRUE),
    ('pro', 2, TRUE),
    ('pro', 3, TRUE),
    ('pro', 4, TRUE),
    ('pro', 5, TRUE),
    ('pro', 7, TRUE),
    ('pro', 8, TRUE),
    ('pro', 9, TRUE),
    ('pro', 10, TRUE),
    ('pro', 11, TRUE),
    ('pro', 13, TRUE),
    ('pro', 14, TRUE),
    ('pro', 15, TRUE),
    ('pro', 16, TRUE),
    ('pro', 17, TRUE),
    ('pro', 19, TRUE),
    ('pro', 20, TRUE),
    ('pro', 21, TRUE),
    ('pro', 22, TRUE),
    ('pro', 23, TRUE),
    ('pro', 25, TRUE),
    ('pro', 26, TRUE),
    ('pro', 27, TRUE),
    ('pro', 28, TRUE),
    ('pro', 29, TRUE),
    ('pro', 31, TRUE),
    ('pro', 32, TRUE),
    ('pro', 33, TRUE),
    ('pro', 34, TRUE),
    ('pro', 35, TRUE),
    ('pro', 37, TRUE),
    ('pro', 38, TRUE),
    ('pro', 39, TRUE),
    ('pro', 40, TRUE),
    ('pro', 41, TRUE),
    ('pro', 43, TRUE),
    ('pro', 44, TRUE),
    ('pro', 45, TRUE),
    ('pro', 46, TRUE),
    ('pro', 47, TRUE),
    ('pro', 49, TRUE),
    ('pro', 50, TRUE),
    ('pro', 51, TRUE),
    ('pro', 52, TRUE),
    ('pro', 53, TRUE),
    ('pro', 55, TRUE),
    ('pro', 56, TRUE),
    ('pro', 57, TRUE),
    ('pro', 58, TRUE),
    ('pro', 59, TRUE),
    ('pro', 61, TRUE),
    ('pro', 62, TRUE),
    ('pro', 63, TRUE),
    ('pro', 64, TRUE),
    ('pro', 65, TRUE),
    ('pro', 67, TRUE),
    ('pro', 68, TRUE),
    ('pro', 69, TRUE),
    ('pro', 70, TRUE),
    ('pro', 71, TRUE),
    ('pro', 73, TRUE),
    ('pro', 74, TRUE),
    ('pro', 75, TRUE),
    ('pro', 76, TRUE),
    ('pro', 77, TRUE),
    ('pro', 79, TRUE),
    ('pro', 80, TRUE),
    ('pro', 81, TRUE),
    ('pro', 82, TRUE),
    ('pro', 83, TRUE),
    ('pro', 85, TRUE),
    ('pro', 86, TRUE),
    ('pro', 87, TRUE),
    ('pro', 88, TRUE),
    ('pro', 89, TRUE),
    ('pro', 91, TRUE),
    ('pro', 92, TRUE),
    ('pro', 93, TRUE),
    ('pro', 94, TRUE),
    ('pro', 95, TRUE),
    ('pro', 97, TRUE),
    ('pro', 98, TRUE),
    ('pro', 99, TRUE),
    ('pro', 100, TRUE),
    ('pro', 101, TRUE),
    ('pro', 103, TRUE),
    ('pro', 104, TRUE),
    ('pro', 105, TRUE),
    ('pro', 106, TRUE),
    ('pro', 107, TRUE),
    ('pro', 109, TRUE),
    ('pro', 110, TRUE),
    ('pro', 111, TRUE),
    ('pro', 112, TRUE),
    ('pro', 113, TRUE),
    ('pro', 115, TRUE),
    ('pro', 116, TRUE),
    ('pro', 117, TRUE),
    ('pro', 118, TRUE),
    ('pro', 119, TRUE),
    ('pro', 121, TRUE),
    ('pro', 122, TRUE),
    ('pro', 123, TRUE),
    ('pro', 124, TRUE),
    ('pro', 125, TRUE),
    ('pro', 127, TRUE),
    ('pro', 128, TRUE),
    ('pro', 129, TRUE),
    ('pro', 130, TRUE),
    ('pro', 131, TRUE),
    ('pro', 133, TRUE),
    ('pro', 134, TRUE),
    ('pro', 135, TRUE),
    ('pro', 136, TRUE),
    ('pro', 137, TRUE),
    ('pro', 139, TRUE),
    ('pro', 140, TRUE),
    ('pro', 141, TRUE),
    ('pro', 142, TRUE),
    ('pro', 143, TRUE),
    ('pro', 145, TRUE),
    ('pro', 146, TRUE),
    ('pro', 147, TRUE),
    ('pro', 148, TRUE),
    ('pro', 149, TRUE),
    ('pro', 151, TRUE),
    ('pro', 152, TRUE),
    ('pro', 153, TRUE),
    ('pro', 154, TRUE),
    ('pro', 155, TRUE),
    ('pro', 157, TRUE),
    ('pro', 158, TRUE),
    ('pro', 159, TRUE),
    ('pro', 160, TRUE),
    ('pro', 161, TRUE),
    ('pro', 163, TRUE),
    ('pro', 164, TRUE),
    ('pro', 165, TRUE),
    ('pro', 166, TRUE),
    ('pro', 167, TRUE),
    ('pro', 169, TRUE),
    ('pro', 170, TRUE),
    ('pro', 171, TRUE),
    ('pro', 172, TRUE),
    ('pro', 173, TRUE),
    ('pro', 175, TRUE),
    ('pro', 176, TRUE),
    ('pro', 177, TRUE),
    ('pro', 178, TRUE),
    ('pro', 179, TRUE),
    ('pro', 181, TRUE),
    ('pro', 182, TRUE),
    ('pro', 183, TRUE),
    ('pro', 184, TRUE),
    ('pro', 185, TRUE),
    ('pro', 187, TRUE),
    ('pro', 188, TRUE),
    ('pro', 189, TRUE),
    ('pro', 190, TRUE),
    ('pro', 191, TRUE),
    ('pro', 193, TRUE),
    ('pro', 194, TRUE),
    ('pro', 195, TRUE),
    ('pro', 196, TRUE),
    ('pro', 197, TRUE),
    ('pro', 199, TRUE),
    ('pro', 200, TRUE),
    ('pro', 201, TRUE),
    ('pro', 202, TRUE),
    ('pro', 203, TRUE),
    ('pro', 205, TRUE),
    ('pro', 206, TRUE),
    ('pro', 207, TRUE),
    ('pro', 208, TRUE),
    ('pro', 209, TRUE),
    ('pro', 211, TRUE),
    ('pro', 212, TRUE),
    ('pro', 213, TRUE),
    ('pro', 214, TRUE),
    ('pro', 215, TRUE),
    ('pro', 217, TRUE),
    ('pro', 218, TRUE),
    ('pro', 219, TRUE),
    ('pro', 220, TRUE),
    ('pro', 221, TRUE),
    ('pro', 223, TRUE),
    ('pro', 224, TRUE),
    ('pro', 225, TRUE),
    ('pro', 226, TRUE),
    ('pro', 227, TRUE),
    ('pro', 229, TRUE),
    ('pro', 230, TRUE),
    ('pro', 231, TRUE),
    ('pro', 232, TRUE),
    ('pro', 233, TRUE),
    ('pro', 235, TRUE),
    ('pro', 236, TRUE),
    ('pro', 237, TRUE),
    ('pro', 238, TRUE),
    ('pro', 239, TRUE),
    ('pro', 241, TRUE),
    ('pro', 242, TRUE),
    ('pro', 243, TRUE),
    ('pro', 244, TRUE),
    ('pro', 245, TRUE),
    ('pro', 247, TRUE),
    ('pro', 248, TRUE),
    ('pro', 249, TRUE),
    ('pro', 250, TRUE),
    ('pro', 251, TRUE),
    ('pro', 253, TRUE),
    ('pro', 254, TRUE),
    ('pro', 255, TRUE),
    ('pro', 256, TRUE),
    ('pro', 257, TRUE),
    ('pro', 259, TRUE),
    ('pro', 260, TRUE),
    ('pro', 261, TRUE),
    ('pro', 262, TRUE),
    ('pro', 263, TRUE),
    ('pro', 265, TRUE),
    ('pro', 266, TRUE),
    ('pro', 267, TRUE),
    ('pro', 268, TRUE),
    ('pro', 269, TRUE),
    ('pro', 271, TRUE),
    ('pro', 272, TRUE),
    ('pro', 273, TRUE),
    ('pro', 274, TRUE),
    ('pro', 275, TRUE),
    ('pro', 277, TRUE),
    ('pro', 278, TRUE),
    ('pro', 279, TRUE),
    ('pro', 280, TRUE),
    ('pro', 281, TRUE),
    ('pro', 283, TRUE),
    ('pro', 284, TRUE),
    ('pro', 285, TRUE),
    ('pro', 286, TRUE),
    ('pro', 287, TRUE),
    ('pro', 289, TRUE),
    ('pro', 290, TRUE),
    ('pro', 291, TRUE),
    ('pro', 292, TRUE),
    ('pro', 293, TRUE),
    ('pro', 295, TRUE),
    ('pro', 296, TRUE),
    ('pro', 297, TRUE),
    ('pro', 298, TRUE),
    ('pro', 299, TRUE),
    ('deluxe', 1, TRUE),
    ('deluxe', 2, TRUE),
    ('deluxe', 3, TRUE),
    ('deluxe', 4, TRUE),
    ('deluxe', 5, TRUE),
    ('deluxe', 7, TRUE),
    ('deluxe', 8, TRUE),
    ('deluxe', 9, TRUE),
    ('deluxe', 10, TRUE),
    ('deluxe', 11, TRUE),
    ('deluxe', 13, TRUE),
    ('deluxe', 14, TRUE),
    ('deluxe', 15, TRUE),
    ('deluxe', 16, TRUE),
    ('deluxe', 17, TRUE),
    ('deluxe', 19, TRUE),
    ('deluxe', 20, TRUE),
    ('deluxe', 21, TRUE),
    ('deluxe', 22, TRUE),
    ('deluxe', 23, TRUE),
    ('deluxe', 25, TRUE),
    ('deluxe', 26, TRUE),
    ('deluxe', 27, TRUE),
    ('deluxe', 28, TRUE),
    ('deluxe', 29, TRUE),
    ('deluxe', 31, TRUE),
    ('deluxe', 32, TRUE),
    ('deluxe', 33, TRUE),
    ('deluxe', 34, TRUE),
    ('deluxe', 35, TRUE),
    ('deluxe', 37, TRUE),
    ('deluxe', 38, TRUE),
    ('deluxe', 39, TRUE),
    ('deluxe', 40, TRUE),
    ('deluxe', 41, TRUE),
    ('deluxe', 43, TRUE),
    ('deluxe', 44, TRUE),
    ('deluxe', 45, TRUE),
    ('deluxe', 46, TRUE),
    ('deluxe', 47, TRUE),
    ('deluxe', 49, TRUE),
    ('deluxe', 50, TRUE),
    ('deluxe', 51, TRUE),
    ('deluxe', 52, TRUE),
    ('deluxe', 53, TRUE),
    ('deluxe', 55, TRUE),
    ('deluxe', 56, TRUE),
    ('deluxe', 57, TRUE),
    ('deluxe', 58, TRUE),
    ('deluxe', 59, TRUE),
    ('deluxe', 61, TRUE),
    ('deluxe', 62, TRUE),
    ('deluxe', 63, TRUE),
    ('deluxe', 64, TRUE),
    ('deluxe', 65, TRUE),
    ('deluxe', 67, TRUE),
    ('deluxe', 68, TRUE),
    ('deluxe', 69, TRUE),
    ('deluxe', 70, TRUE),
    ('deluxe', 71, TRUE),
    ('deluxe', 73, TRUE),
    ('deluxe', 74, TRUE),
    ('deluxe', 75, TRUE),
    ('deluxe', 76, TRUE),
    ('deluxe', 77, TRUE),
    ('deluxe', 79, TRUE),
    ('deluxe', 80, TRUE),
    ('deluxe', 81, TRUE),
    ('deluxe', 82, TRUE),
    ('deluxe', 83, TRUE),
    ('deluxe', 85, TRUE),
    ('deluxe', 86, TRUE),
    ('deluxe', 87, TRUE),
    ('deluxe', 88, TRUE),
    ('deluxe', 89, TRUE),
    ('deluxe', 91, TRUE),
    ('deluxe', 92, TRUE),
    ('deluxe', 93, TRUE),
    ('deluxe', 94, TRUE),
    ('deluxe', 95, TRUE),
    ('deluxe', 97, TRUE),
    ('deluxe', 98, TRUE),
    ('deluxe', 99, TRUE),
    ('deluxe', 100, TRUE),
    ('deluxe', 101, TRUE),
    ('deluxe', 103, TRUE),
    ('deluxe', 104, TRUE),
    ('deluxe', 105, TRUE),
    ('deluxe', 106, TRUE),
    ('deluxe', 107, TRUE),
    ('deluxe', 109, TRUE),
    ('deluxe', 110, TRUE),
    ('deluxe', 111, TRUE),
    ('deluxe', 112, TRUE),
    ('deluxe', 113, TRUE),
    ('deluxe', 115, TRUE),
    ('deluxe', 116, TRUE),
    ('deluxe', 117, TRUE),
    ('deluxe', 118, TRUE),
    ('deluxe', 119, TRUE),
    ('deluxe', 121, TRUE),
    ('deluxe', 122, TRUE),
    ('deluxe', 123, TRUE),
    ('deluxe', 124, TRUE),
    ('deluxe', 125, TRUE),
    ('deluxe', 127, TRUE),
    ('deluxe', 128, TRUE),
    ('deluxe', 129, TRUE),
    ('deluxe', 130, TRUE),
    ('deluxe', 131, TRUE),
    ('deluxe', 133, TRUE),
    ('deluxe', 134, TRUE),
    ('deluxe', 135, TRUE),
    ('deluxe', 136, TRUE),
    ('deluxe', 137, TRUE),
    ('deluxe', 139, TRUE),
    ('deluxe', 140, TRUE),
    ('deluxe', 141, TRUE),
    ('deluxe', 142, TRUE),
    ('deluxe', 143, TRUE),
    ('deluxe', 145, TRUE),
    ('deluxe', 146, TRUE),
    ('deluxe', 147, TRUE),
    ('deluxe', 148, TRUE),
    ('deluxe', 149, TRUE),
    ('deluxe', 151, TRUE),
    ('deluxe', 152, TRUE),
    ('deluxe', 153, TRUE),
    ('deluxe', 154, TRUE),
    ('deluxe', 155, TRUE),
    ('deluxe', 157, TRUE),
    ('deluxe', 158, TRUE),
    ('deluxe', 159, TRUE),
    ('deluxe', 160, TRUE),
    ('deluxe', 161, TRUE),
    ('deluxe', 163, TRUE),
    ('deluxe', 164, TRUE),
    ('deluxe', 165, TRUE),
    ('deluxe', 166, TRUE),
    ('deluxe', 167, TRUE),
    ('deluxe', 169, TRUE),
    ('deluxe', 170, TRUE),
    ('deluxe', 171, TRUE),
    ('deluxe', 172, TRUE),
    ('deluxe', 173, TRUE),
    ('deluxe', 175, TRUE),
    ('deluxe', 176, TRUE),
    ('deluxe', 177, TRUE),
    ('deluxe', 178, TRUE),
    ('deluxe', 179, TRUE),
    ('deluxe', 181, TRUE),
    ('deluxe', 182, TRUE),
    ('deluxe', 183, TRUE),
    ('deluxe', 184, TRUE),
    ('deluxe', 185, TRUE),
    ('deluxe', 187, TRUE),
    ('deluxe', 188, TRUE),
    ('deluxe', 189, TRUE),
    ('deluxe', 190, TRUE),
    ('deluxe', 191, TRUE),
    ('deluxe', 193, TRUE),
    ('deluxe', 194, TRUE),
    ('deluxe', 195, TRUE),
    ('deluxe', 196, TRUE),
    ('deluxe', 197, TRUE),
    ('deluxe', 199, TRUE),
    ('deluxe', 200, TRUE),
    ('deluxe', 201, TRUE),
    ('deluxe', 202, TRUE),
    ('deluxe', 203, TRUE),
    ('deluxe', 205, TRUE),
    ('deluxe', 206, TRUE),
    ('deluxe', 207, TRUE),
    ('deluxe', 208, TRUE),
    ('deluxe', 209, TRUE),
    ('deluxe', 211, TRUE),
    ('deluxe', 212, TRUE),
    ('deluxe', 213, TRUE),
    ('deluxe', 214, TRUE),
    ('deluxe', 215, TRUE),
    ('deluxe', 217, TRUE),
    ('deluxe', 218, TRUE),
    ('deluxe', 219, TRUE),
    ('deluxe', 220, TRUE),
    ('deluxe', 221, TRUE),
    ('deluxe', 223, TRUE),
    ('deluxe', 224, TRUE),
    ('deluxe', 225, TRUE),
    ('deluxe', 226, TRUE),
    ('deluxe', 227, TRUE),
    ('deluxe', 229, TRUE),
    ('deluxe', 230, TRUE),
    ('deluxe', 231, TRUE),
    ('deluxe', 232, TRUE),
    ('deluxe', 233, TRUE),
    ('deluxe', 235, TRUE),
    ('deluxe', 236, TRUE),
    ('deluxe', 237, TRUE),
    ('deluxe', 238, TRUE),
    ('deluxe', 239, TRUE),
    ('deluxe', 241, TRUE),
    ('deluxe', 242, TRUE),
    ('deluxe', 243, TRUE),
    ('deluxe', 244, TRUE),
    ('deluxe', 245, TRUE),
    ('deluxe', 247, TRUE),
    ('deluxe', 248, TRUE),
    ('deluxe', 249, TRUE),
    ('deluxe', 250, TRUE),
    ('deluxe', 251, TRUE),
    ('deluxe', 253, TRUE),
    ('deluxe', 254, TRUE),
    ('deluxe', 255, TRUE),
    ('deluxe', 256, TRUE),
    ('deluxe', 257, TRUE),
    ('deluxe', 259, TRUE),
    ('deluxe', 260, TRUE),
    ('deluxe', 261, TRUE),
    ('deluxe', 262, TRUE),
    ('deluxe', 263, TRUE),
    ('deluxe', 265, TRUE),
    ('deluxe', 266, TRUE),
    ('deluxe', 267, TRUE),
    ('deluxe', 268, TRUE),
    ('deluxe', 269, TRUE),
    ('deluxe', 271, TRUE),
    ('deluxe', 272, TRUE),
    ('deluxe', 273, TRUE),
    ('deluxe', 274, TRUE),
    ('deluxe', 275, TRUE),
    ('deluxe', 277, TRUE),
    ('deluxe', 278, TRUE),
    ('deluxe', 279, TRUE),
    ('deluxe', 280, TRUE),
    ('deluxe', 281, TRUE),
    ('deluxe', 283, TRUE),
    ('deluxe', 284, TRUE),
    ('deluxe', 285, TRUE),
    ('deluxe', 286, TRUE),
    ('deluxe', 287, TRUE),
    ('deluxe', 289, TRUE),
    ('deluxe', 290, TRUE),
    ('deluxe', 291, TRUE),
    ('deluxe', 292, TRUE),
    ('deluxe', 293, TRUE),
    ('deluxe', 295, TRUE),
    ('deluxe', 296, TRUE),
    ('deluxe', 297, TRUE),
    ('deluxe', 298, TRUE),
    ('deluxe', 299, TRUE),
    ('ultimate', 1, TRUE),
    ('ultimate', 2, TRUE),
    ('ultimate', 3, TRUE),
    ('ultimate', 4, TRUE),
    ('ultimate', 5, TRUE),
    ('ultimate', 6, TRUE),
    ('ultimate', 7, TRUE),
    ('ultimate', 8, TRUE),
    ('ultimate', 9, TRUE),
    ('ultimate', 10, TRUE),
    ('ultimate', 11, TRUE),
    ('ultimate', 12, TRUE),
    ('ultimate', 13, TRUE),
    ('ultimate', 14, TRUE),
    ('ultimate', 15, TRUE),
    ('ultimate', 16, TRUE),
    ('ultimate', 17, TRUE),
    ('ultimate', 18, TRUE),
    ('ultimate', 19, TRUE),
    ('ultimate', 20, TRUE),
    ('ultimate', 21, TRUE),
    ('ultimate', 22, TRUE),
    ('ultimate', 23, TRUE),
    ('ultimate', 24, TRUE),
    ('ultimate', 25, TRUE),
    ('ultimate', 26, TRUE),
    ('ultimate', 27, TRUE),
    ('ultimate', 28, TRUE),
    ('ultimate', 29, TRUE),
    ('ultimate', 30, TRUE),
    ('ultimate', 31, TRUE),
    ('ultimate', 32, TRUE),
    ('ultimate', 33, TRUE),
    ('ultimate', 34, TRUE),
    ('ultimate', 35, TRUE),
    ('ultimate', 36, TRUE),
    ('ultimate', 37, TRUE),
    ('ultimate', 38, TRUE),
    ('ultimate', 39, TRUE),
    ('ultimate', 40, TRUE),
    ('ultimate', 41, TRUE),
    ('ultimate', 42, TRUE),
    ('ultimate', 43, TRUE),
    ('ultimate', 44, TRUE),
    ('ultimate', 45, TRUE),
    ('ultimate', 46, TRUE),
    ('ultimate', 47, TRUE),
    ('ultimate', 48, TRUE),
    ('ultimate', 49, TRUE),
    ('ultimate', 50, TRUE),
    ('ultimate', 51, TRUE),
    ('ultimate', 52, TRUE),
    ('ultimate', 53, TRUE),
    ('ultimate', 54, TRUE),
    ('ultimate', 55, TRUE),
    ('ultimate', 56, TRUE),
    ('ultimate', 57, TRUE),
    ('ultimate', 58, TRUE),
    ('ultimate', 59, TRUE),
    ('ultimate', 60, TRUE),
    ('ultimate', 61, TRUE),
    ('ultimate', 62, TRUE),
    ('ultimate', 63, TRUE),
    ('ultimate', 64, TRUE),
    ('ultimate', 65, TRUE),
    ('ultimate', 66, TRUE),
    ('ultimate', 67, TRUE),
    ('ultimate', 68, TRUE),
    ('ultimate', 69, TRUE),
    ('ultimate', 70, TRUE),
    ('ultimate', 71, TRUE),
    ('ultimate', 72, TRUE),
    ('ultimate', 73, TRUE),
    ('ultimate', 74, TRUE),
    ('ultimate', 75, TRUE),
    ('ultimate', 76, TRUE),
    ('ultimate', 77, TRUE),
    ('ultimate', 78, TRUE),
    ('ultimate', 79, TRUE),
    ('ultimate', 80, TRUE),
    ('ultimate', 81, TRUE),
    ('ultimate', 82, TRUE),
    ('ultimate', 83, TRUE),
    ('ultimate', 84, TRUE),
    ('ultimate', 85, TRUE),
    ('ultimate', 86, TRUE),
    ('ultimate', 87, TRUE),
    ('ultimate', 88, TRUE),
    ('ultimate', 89, TRUE),
    ('ultimate', 90, TRUE),
    ('ultimate', 91, TRUE),
    ('ultimate', 92, TRUE),
    ('ultimate', 93, TRUE),
    ('ultimate', 94, TRUE),
    ('ultimate', 95, TRUE),
    ('ultimate', 96, TRUE),
    ('ultimate', 97, TRUE),
    ('ultimate', 98, TRUE),
    ('ultimate', 99, TRUE),
    ('ultimate', 100, TRUE),
    ('ultimate', 101, TRUE),
    ('ultimate', 102, TRUE),
    ('ultimate', 103, TRUE),
    ('ultimate', 104, TRUE),
    ('ultimate', 105, TRUE),
    ('ultimate', 106, TRUE),
    ('ultimate', 107, TRUE),
    ('ultimate', 108, TRUE),
    ('ultimate', 109, TRUE),
    ('ultimate', 110, TRUE),
    ('ultimate', 111, TRUE),
    ('ultimate', 112, TRUE),
    ('ultimate', 113, TRUE),
    ('ultimate', 114, TRUE),
    ('ultimate', 115, TRUE),
    ('ultimate', 116, TRUE),
    ('ultimate', 117, TRUE),
    ('ultimate', 118, TRUE),
    ('ultimate', 119, TRUE),
    ('ultimate', 120, TRUE),
    ('ultimate', 121, TRUE),
    ('ultimate', 122, TRUE),
    ('ultimate', 123, TRUE),
    ('ultimate', 124, TRUE),
    ('ultimate', 125, TRUE),
    ('ultimate', 126, TRUE),
    ('ultimate', 127, TRUE),
    ('ultimate', 128, TRUE),
    ('ultimate', 129, TRUE),
    ('ultimate', 130, TRUE),
    ('ultimate', 131, TRUE),
    ('ultimate', 132, TRUE),
    ('ultimate', 133, TRUE),
    ('ultimate', 134, TRUE),
    ('ultimate', 135, TRUE),
    ('ultimate', 136, TRUE),
    ('ultimate', 137, TRUE),
    ('ultimate', 138, TRUE),
    ('ultimate', 139, TRUE),
    ('ultimate', 140, TRUE),
    ('ultimate', 141, TRUE),
    ('ultimate', 142, TRUE),
    ('ultimate', 143, TRUE),
    ('ultimate', 144, TRUE),
    ('ultimate', 145, TRUE),
    ('ultimate', 146, TRUE),
    ('ultimate', 147, TRUE),
    ('ultimate', 148, TRUE),
    ('ultimate', 149, TRUE),
    ('ultimate', 150, TRUE),
    ('ultimate', 151, TRUE),
    ('ultimate', 152, TRUE),
    ('ultimate', 153, TRUE),
    ('ultimate', 154, TRUE),
    ('ultimate', 155, TRUE),
    ('ultimate', 156, TRUE),
    ('ultimate', 157, TRUE),
    ('ultimate', 158, TRUE),
    ('ultimate', 159, TRUE),
    ('ultimate', 160, TRUE),
    ('ultimate', 161, TRUE),
    ('ultimate', 162, TRUE),
    ('ultimate', 163, TRUE),
    ('ultimate', 164, TRUE),
    ('ultimate', 165, TRUE),
    ('ultimate', 166, TRUE),
    ('ultimate', 167, TRUE),
    ('ultimate', 168, TRUE),
    ('ultimate', 169, TRUE),
    ('ultimate', 170, TRUE),
    ('ultimate', 171, TRUE),
    ('ultimate', 172, TRUE),
    ('ultimate', 173, TRUE),
    ('ultimate', 174, TRUE),
    ('ultimate', 175, TRUE),
    ('ultimate', 176, TRUE),
    ('ultimate', 177, TRUE),
    ('ultimate', 178, TRUE),
    ('ultimate', 179, TRUE),
    ('ultimate', 180, TRUE),
    ('ultimate', 181, TRUE),
    ('ultimate', 182, TRUE),
    ('ultimate', 183, TRUE),
    ('ultimate', 184, TRUE),
    ('ultimate', 185, TRUE),
    ('ultimate', 186, TRUE),
    ('ultimate', 187, TRUE),
    ('ultimate', 188, TRUE),
    ('ultimate', 189, TRUE),
    ('ultimate', 190, TRUE),
    ('ultimate', 191, TRUE),
    ('ultimate', 192, TRUE),
    ('ultimate', 193, TRUE),
    ('ultimate', 194, TRUE),
    ('ultimate', 195, TRUE),
    ('ultimate', 196, TRUE),
    ('ultimate', 197, TRUE),
    ('ultimate', 198, TRUE),
    ('ultimate', 199, TRUE),
    ('ultimate', 200, TRUE),
    ('ultimate', 201, TRUE),
    ('ultimate', 202, TRUE),
    ('ultimate', 203, TRUE),
    ('ultimate', 204, TRUE),
    ('ultimate', 205, TRUE),
    ('ultimate', 206, TRUE),
    ('ultimate', 207, TRUE),
    ('ultimate', 208, TRUE),
    ('ultimate', 209, TRUE),
    ('ultimate', 210, TRUE),
    ('ultimate', 211, TRUE),
    ('ultimate', 212, TRUE),
    ('ultimate', 213, TRUE),
    ('ultimate', 214, TRUE),
    ('ultimate', 215, TRUE),
    ('ultimate', 216, TRUE),
    ('ultimate', 217, TRUE),
    ('ultimate', 218, TRUE),
    ('ultimate', 219, TRUE),
    ('ultimate', 220, TRUE),
    ('ultimate', 221, TRUE),
    ('ultimate', 222, TRUE),
    ('ultimate', 223, TRUE),
    ('ultimate', 224, TRUE),
    ('ultimate', 225, TRUE),
    ('ultimate', 226, TRUE),
    ('ultimate', 227, TRUE),
    ('ultimate', 228, TRUE),
    ('ultimate', 229, TRUE),
    ('ultimate', 230, TRUE),
    ('ultimate', 231, TRUE),
    ('ultimate', 232, TRUE),
    ('ultimate', 233, TRUE),
    ('ultimate', 234, TRUE),
    ('ultimate', 235, TRUE),
    ('ultimate', 236, TRUE),
    ('ultimate', 237, TRUE),
    ('ultimate', 238, TRUE),
    ('ultimate', 239, TRUE),
    ('ultimate', 240, TRUE),
    ('ultimate', 241, TRUE),
    ('ultimate', 242, TRUE),
    ('ultimate', 243, TRUE),
    ('ultimate', 244, TRUE),
    ('ultimate', 245, TRUE),
    ('ultimate', 246, TRUE),
    ('ultimate', 247, TRUE),
    ('ultimate', 248, TRUE),
    ('ultimate', 249, TRUE),
    ('ultimate', 250, TRUE),
    ('ultimate', 251, TRUE),
    ('ultimate', 252, TRUE),
    ('ultimate', 253, TRUE),
    ('ultimate', 254, TRUE),
    ('ultimate', 255, TRUE),
    ('ultimate', 256, TRUE),
    ('ultimate', 257, TRUE),
    ('ultimate', 258, TRUE),
    ('ultimate', 259, TRUE),
    ('ultimate', 260, TRUE),
    ('ultimate', 261, TRUE),
    ('ultimate', 262, TRUE),
    ('ultimate', 263, TRUE),
    ('ultimate', 264, TRUE),
    ('ultimate', 265, TRUE),
    ('ultimate', 266, TRUE),
    ('ultimate', 267, TRUE),
    ('ultimate', 268, TRUE),
    ('ultimate', 269, TRUE),
    ('ultimate', 270, TRUE),
    ('ultimate', 271, TRUE),
    ('ultimate', 272, TRUE),
    ('ultimate', 273, TRUE),
    ('ultimate', 274, TRUE),
    ('ultimate', 275, TRUE),
    ('ultimate', 276, TRUE),
    ('ultimate', 277, TRUE),
    ('ultimate', 278, TRUE),
    ('ultimate', 279, TRUE),
    ('ultimate', 280, TRUE),
    ('ultimate', 281, TRUE),
    ('ultimate', 282, TRUE),
    ('ultimate', 283, TRUE),
    ('ultimate', 284, TRUE),
    ('ultimate', 285, TRUE),
    ('ultimate', 286, TRUE),
    ('ultimate', 287, TRUE),
    ('ultimate', 288, TRUE),
    ('ultimate', 289, TRUE),
    ('ultimate', 290, TRUE),
    ('ultimate', 291, TRUE),
    ('ultimate', 292, TRUE),
    ('ultimate', 293, TRUE),
    ('ultimate', 294, TRUE),
    ('ultimate', 295, TRUE),
    ('ultimate', 296, TRUE),
    ('ultimate', 297, TRUE),
    ('ultimate', 298, TRUE),
    ('ultimate', 299, TRUE),
    ('ultimate', 300, TRUE);
    
# - - - - POPOLAMENTO TABELLA Possesso - - - -

INSERT INTO Possesso (ID_Server, ID_Contenuto)
VALUES
    (1, 1),
    (1, 2),
    (1, 3),
    (1, 4),
    (1, 5),
    (1, 6),
    (1, 7),
    (1, 8),
    (1, 9),
    (1, 10),
    (1, 11),
    (1, 12),
    (1, 19), 		# Aggiunto per test
    (1, 157), 		# Aggiunto per test
    (1, 13),		# Aggiunto per test
    (2, 1),
    (2, 2),
    (2, 3),
    (2, 4),
    (2, 5),
    (2, 6),
    (2, 7),
    (2, 8),
    (2, 9),
    (2, 10),
    (2, 11),
    (2, 12),
    (3, 1),
    (3, 2),
    (3, 3),
    (3, 4),
    (3, 5),
    (3, 6),
    (3, 7),
    (3, 8),
    (3, 9),
    (3, 10),
    (3, 11),
    (3, 12),
    (4, 1),
    (4, 2),
    (4, 3),
    (4, 4),
    (4, 5),
    (4, 6),
    (4, 7),
    (4, 8),
    (4, 9),
    (4, 10),
    (4, 11),
    (4, 12),
    (5, 1),
    (5, 2),
    (5, 3),
    (5, 4),
    (5, 5),
    (5, 6),
    (5, 7),
    (5, 8),
    (5, 9),
    (5, 10),
    (5, 11),
    (5, 12),
    (6, 1),
    (6, 2),
    (6, 3),
    (6, 4),
    (6, 5),
    (6, 6),
    (6, 7),
    (6, 8),
    (6, 9),
    (6, 10),
    (6, 11),
    (6, 12),
    (7, 1),
    (7, 2),
    (7, 3),
    (7, 4),
    (7, 5),
    (7, 6),
    (7, 7),
    (7, 8),
    (7, 9),
    (7, 10),
    (7, 11),
    (7, 12),
    (8, 1),
    (8, 2),
    (8, 3),
    (8, 4),
    (8, 5),
    (8, 6),
    (8, 7),
    (8, 8),
    (8, 9),
    (8, 10),
    (8, 11),
    (8, 12),
    (9, 13),
    (9, 14),
    (9, 15),
    (9, 16),
    (9, 17),
    (9, 18),
    (9, 19),
    (9, 20),
    (9, 21),
    (9, 22),
    (9, 23),
    (9, 24),
    (10, 13),
    (10, 14),
    (10, 15),
    (10, 16),
    (10, 17),
    (10, 18),
    (10, 19),
    (10, 20),
    (10, 21),
    (10, 22),
    (10, 23),
    (10, 24),
    (11, 13),
    (11, 14),
    (11, 15),
    (11, 16),
    (11, 17),
    (11, 18),
    (11, 19),
    (11, 20),
    (11, 21),
    (11, 22),
    (11, 23),
    (11, 24),
    (12, 13),
    (12, 14),
    (12, 15),
    (12, 16),
    (12, 17),
    (12, 18),
    (12, 19),
    (12, 20),
    (12, 21),
    (12, 22),
    (12, 23),
    (12, 24),
    (13, 13),
    (13, 14),
    (13, 15),
    (13, 16),
    (13, 17),
    (13, 18),
    (13, 19),
    (13, 20),
    (13, 21),
    (13, 22),
    (13, 23),
    (13, 24),
    (14, 13),
    (14, 14),
    (14, 15),
    (14, 16),
    (14, 17),
    (14, 18),
    (14, 19),
    (14, 20),
    (14, 21),
    (14, 22),
    (14, 23),
    (14, 24),
    (15, 13),
    (15, 14),
    (15, 15),
    (15, 16),
    (15, 17),
    (15, 18),
    (15, 19),
    (15, 20),
    (15, 21),
    (15, 22),
    (15, 23),
    (15, 24),
    (16, 13),
    (16, 14),
    (16, 15),
    (16, 16),
    (16, 17),
    (16, 18),
    (16, 19),
    (16, 20),
    (16, 21),
    (16, 22),
    (16, 23),
    (16, 24);

# - - - - POPOLAMENTO TABELLA Produzione - - - -

INSERT INTO Produzione (ID_Film, ID_Artista)
VALUES
    (1, 1),
    (2, 2),
    (3, 3),
    (4, 4),
    (5, 5),
    (6, 6),
    (7, 7),
    (8, 8),
    (9, 9),
    (10, 10),
    (11, 11),
    (12, 12),
    (13, 3),
    (14, 13),
    (15, 14),
    (16, 15),
    (17, 3),
    (18, 16),
    (19, 17),
    (20, 18),
    (21, 19),
    (22, 20),
    (23, 21),
    (24, 22),
    (25, 17),
    (26, 23),
    (27, 24),
    (28, 5),
    (29, 25),
    (30, 3),
    (31, 2),
    (32, 18),
    (33, 26),
    (34, 32),
    (35, 27),
    (36, 28),
    (37, 29),
    (38, 30),
    (39, 31),
    (40, 33),
    (41, 34),
    (42, 35),
    (43, 4),
    (44, 14),
    (45, 36),
    (46, 15),
    (47, 9),
    (48, 17),
    (49, 37),
    (50, 38),
    (1, 39),
    (2, 40),
    (3, 41),
    (4, 42),
    (5, 43),
    (6, 44),
    (7, 45),
    (8, 46),
    (9, 44),
    (10, 47),
    (11, 48),
    (12, 49),
    (13, 50),
    (14, 51),
    (15, 52),
    (16, 53),
    (17, 54),
    (18, 55),
    (19, 78),
    (20, 56),
    (21, 57),
    (22, 44),
    (23, 58),
    (24, 59),
    (25, 60),
    (26, 62),
    (27, 63),
    (28, 43),
    (29, 64),
    (30, 40),
    (31, 75),
    (32, 65),
    (33, 60),
    (34, 79),
    (35, 63),
    (36, 61),
    (37, 66),
    (38, 67),
    (39, 68),
    (40, 80),
    (41, 69),
    (42, 70),
    (43, 71),
    (44, 52),
    (45, 72),
    (46, 73),
    (47, 74),
    (48, 47),
    (49, 76),
    (50, 77);

# - - - - POPOLAMENTO TABELLA Recensione - - - -

INSERT INTO Recensione (ID_Utente, ID_Film, PunteggioUtente)
VALUES
    (1, 1, 25),
    (2, 1, 25),
    (3, 1, 25),
    (4, 1, 25),
    (5, 1, 25),
    (6, 1, 25),
    (7, 1, 25),
    (8, 1, 25),
    (9, 1, 25),
    (10, 1, 25),
    (11, 1, 25),
    (12, 1, 25),
    (13, 1, 25),
    (14, 1, 25),
    (15, 1, 25),
    (16, 1, 25),
    (17, 1, 25),
    (18, 1, 25),
    (19, 1, 25),
    (20, 1, 25),
    (21, 1, 25),
    (22, 1, 25),
    (23, 1, 25),
    (24, 1, 25),
    (25, 1, 25),
    (26, 1, 25),
    (27, 1, 25),
    (28, 1, 25),
    (29, 1, 25),
    (30, 1, 25),
    (31, 1, 25),
    (32, 1, 25),
    (33, 1, 25),
    (34, 1, 25),
    (35, 1, 25),
    (36, 1, 25),
    (37, 1, 25),
    (38, 1, 25),
    (39, 1, 25),
    (40, 1, 25),
    (41, 1, 25),
    (42, 1, 25),
    (43, 1, 25),
    (44, 1, 25),
    (45, 1, 25),
    (46, 1, 25),
    (47, 1, 25),
    (48, 1, 25),
    (49, 1, 25),
    (50, 1, 25),
    (51, 1, 25),
    (52, 1, 25),
    (53, 1, 25),
    (54, 1, 25),
    (55, 1, 25),
    (56, 1, 25),
    (57, 1, 25),
    (58, 1, 25),
    (59, 1, 25),
    (60, 1, 25),
    (61, 1, 25),
    (62, 1, 25),
    (63, 1, 25),
    (64, 1, 25),
    (65, 1, 25),
    (66, 1, 25),
    (67, 1, 25),
    (68, 1, 25),
    (69, 1, 25),
    (70, 1, 25),
    (71, 1, 25),
    (72, 1, 25),
    (73, 1, 25),
    (74, 1, 25),
    (75, 1, 25),
    (76, 1, 25),
    (77, 1, 25),
    (78, 1, 25),
    (79, 1, 25),
    (80, 1, 25),
    (81, 1, 25),
    (82, 1, 25),
    (83, 1, 25),
    (84, 1, 25),
    (85, 1, 25),
    (86, 1, 25),
    (87, 1, 25),
    (88, 1, 25),
    (89, 1, 25),
    (90, 1, 25),
    (91, 2, 25),
    (92, 2, 25),
    (93, 2, 25),
    (94, 2, 25),
    (95, 2, 25),
    (96, 2, 25),
    (97, 2, 25),
    (98, 2, 25),
    (99, 2, 25),
    (100, 2, 25),
    (101, 2, 25),
    (102, 2, 25),
    (103, 2, 25),
    (104, 2, 25),
    (105, 2, 25),
    (106, 2, 25),
    (107, 2, 25),
    (108, 2, 25),
    (109, 2, 25),
    (110, 2, 25),
    (111, 2, 25),
    (112, 2, 25),
    (113, 2, 25),
    (114, 2, 25),
    (115, 2, 25),
    (116, 2, 25),
    (117, 2, 25),
    (118, 2, 25),
    (119, 2, 25),
    (120, 2, 25),
    (121, 2, 25),
    (122, 2, 25),
    (123, 2, 25),
    (124, 2, 25),
    (125, 2, 25),
    (126, 2, 25),
    (127, 2, 25),
    (128, 2, 25),
    (129, 2, 25),
    (130, 2, 25),
    (131, 3, 25),
    (132, 3, 25),
    (133, 3, 25),
    (134, 3, 25),
    (135, 3, 25),
    (136, 3, 25),
    (137, 3, 25),
    (138, 3, 25),
    (139, 3, 25),
    (140, 3, 25),
    (141, 3, 25),
    (142, 3, 25),
    (143, 3, 25),
    (144, 3, 25),
    (145, 3, 25),
    (146, 3, 25),
    (147, 3, 25),
    (148, 3, 25),
    (149, 3, 25),
    (150, 3, 25),
    (151, 3, 25),
    (152, 3, 25),
    (153, 3, 25),
    (154, 3, 25),
    (155, 3, 25),
    (156, 3, 25),
    (157, 3, 25),
    (158, 3, 25),
    (159, 3, 25),
    (160, 3, 25);
    
# - - - - POPOLAMENTO TABELLA Restrizione - - - -

INSERT INTO Restrizione (IP_AreaGeografica, ID_Contenuto)
VALUES
    (009, 1),
    (009, 2),
    (009, 3),
    (009, 4),
    (009, 5),
    (009, 6),
    (009, 7),
    (009, 8),
    (009, 9),
    (009, 10),
    (009, 11),
    (009, 12),
    (010, 1),
    (010, 2),
    (010, 3),
    (010, 4),
    (010, 5),
    (010, 6),
    (010, 7),
    (010, 8),
    (010, 9),
    (010, 10),
    (010, 11),
    (010, 12),
    (011, 1),
    (011, 2),
    (011, 3),
    (011, 4),
    (011, 5),
    (011, 6),
    (011, 7),
    (011, 8),
    (011, 9),
    (011, 10),
    (011, 11),
    (011, 12),
    (012, 1),
    (012, 2),
    (012, 3),
    (012, 4),
    (012, 5),
    (012, 6),
    (012, 7),
    (012, 8),
    (012, 9),
    (012, 10),
    (012, 11),
    (012, 12),
    (013, 1),
    (013, 2),
    (013, 3),
    (013, 4),
    (013, 5),
    (013, 6),
    (013, 7),
    (013, 8),
    (013, 9),
    (013, 10),
    (013, 11),
    (013, 12),
    (014, 1),
    (014, 2),
    (014, 3),
    (014, 4),
    (014, 5),
    (014, 6),
    (014, 7),
    (014, 8),
    (014, 9),
    (014, 10),
    (014, 11),
    (014, 12),
    (015, 1),
    (015, 2),
    (015, 3),
    (015, 4),
    (015, 5),
    (015, 6),
    (015, 7),
    (015, 8),
    (015, 9),
    (015, 10),
    (015, 11),
    (015, 12),
    (016, 1),
    (016, 2),
    (016, 3),
    (016, 4),
    (016, 5),
    (016, 6),
    (016, 7),
    (016, 8),
    (016, 9),
    (016, 10),
    (016, 11),
    (016, 12);
    
# - - - - POPOLAMENTO TABELLA Server - - - - 

INSERT INTO Server (ID, AreaGeografica, LarghezzaBanda, CapacitaMax, StatoServer)
VALUES
    (1, 'Italia', 7, 80000, 0),
    (2, 'Spagna', 10, 70000, 0),
    (3, 'Germania', 15, 100000, 0),
    (4, 'Francia', 10, 90000, 0),
    (5, 'Cina', 10, 80000, 0),
    (6, 'India', 7, 70000, 0),
    (7, 'Giappone', 15, 100000, 0),
    (8, 'Russia', 10, 90000, 0),
    (9, 'USA', 15, 100000, 0),
    (10, 'Canada', 10, 90000, 0),
    (11, 'Argentina', 10, 80000, 0),
    (12, 'Brasile', 7, 70000, 0),
    (13, 'Marocco', 7, 70000, 0),
    (14, 'Egitto', 10, 80000, 0),
    (15, 'Sudafrica', 15, 100000, 0),
    (16, 'Nigeria', 10, 90000, 0);
    

#  - - - - - - - - - - - - - - -
# - - - - TABELLA Utente - - - - 
#  - - - - - - - - - - - - - - -
 
INSERT INTO Utente (ID, Nome, Cognome, Passw, Email, Critico, NomeAbbonamento, Scadenza)
VALUES
	(1, 'Mario', 'Rossi', 'pass1234', 'mario.rossi@email.com', true, 'Premium', '2023-11-15'),
    (2, 'Laura', 'Bianchi', 'abc56789', 'laura.bianchi@email.com', false, 'Deluxe', '2023-11-20'),
    (3, 'Giovanni', 'Verdi', 'passpass', 'giovanni.verdi@email.com', true, 'Ultimate', '2023-11-25'),
    (4, 'Anna', 'Russo', '1234abcd', 'anna.russo@email.com', false, 'Basic', '2023-11-30'),
    (5, 'Luca', 'Ferrari', 'ferr1234', 'luca.ferrari@email.com', true, NULL, NULL ),
    (6, 'Maria', 'Gallo', 'mariamia', 'maria.gallo@email.com', false, 'Premium', '2023-11-04' ),
    (7, 'Paolo', 'Esposito', 'paolopao', 'paolo.esposito@email.com', true, 'Deluxe', '2023-11-14' ),
    (8, 'Francesca', 'Conti', 'cont5678', 'francesca.conti@email.com', false, 'Ultimate', '2023-11-01' ),
    (9, 'Roberto', 'Mancini', 'rob12345', 'roberto.mancini@email.com', true, 'Basic', '2023-11-22'),
    (10, 'Sara', 'Longo', 'longo567', 'sara.longo@email.com', false, 'Pro', '2023-11-30'),
    (11, 'Davide', 'Ricci', 'ricc1234', 'davide.ricci@email.com', true, 'Premium', '2023-11-05'),
    (12, 'Chiara', 'Marino', 'chiara99', 'chiara.marino@email.com', false, 'Deluxe', '2023-11-18'),
    (13, 'Andrea', 'Pellegrini', 'andre456', 'andrea.pellegrini@email.com', true, 'Ultimate', '2023-11-09'),
    (14, 'Eleonora', 'Galli', 'eleo1234', 'eleonora.galli@email.com', false, 'Basic', '2023-11-15'),
    (15, 'Massimo', 'Santoro', 'mass5678', 'massimo.santoro@email.com', true, NULL, NULL),
    (16, 'Elia', 'Tonci', 'qwertyasd', 'e.tonci@studenti.unipi.it', false, 'Ultimate', '2023-11-02'),
    (17, 'Marco', 'Rinaldi', 'marc5678', 'marco.rinaldi@email.com', true, 'Deluxe', '2023-11-10'),
    (18, 'Alessia', 'Mazza', 'mazza567', 'alessia.mazza@email.com', false, 'Ultimate', '2023-11-20'),
    (19, 'Michele', 'Meazzini', 'michemea', 'michele.meazzini@email.com', true, 'Basic', '2023-11-11'),
    (20, 'Valentina', 'Barbieri', 'valen123', 'valentina.barbieri@email.com', false, 'Pro', '2023-11-08'),
    (21, 'Riccardo', 'Martini', 'ricc2345', 'riccardo.martini@email.com', true, 'Premium', '2023-11-15'),
    (22, 'Giulia', 'Ruggiero', 'giuli123', 'giulia.ruggiero@email.com', false, 'Deluxe', '2023-11-05'),
    (23, 'Paolo', 'Serra', 'serr5678', 'paolo.serra@email.com', true, 'Ultimate', '2023-11-30'),
    (24, 'Elena', 'De Angelis', 'elen1234', 'elena.deangelis@email.com', false, 'Basic', '2023-11-14'),
    (25, 'Gianluca', 'Moretti', 'gianm123', 'gianluca.moretti@email.com', true, NULL, NULL),
    (26, 'Arianna', 'Ferrara', 'arian567', 'arianna.ferrara@email.com', false, 'Premium', '2023-11-25'),
    (27, 'Federico', 'Gallo', 'fedea123', 'federico.gallo@email.com', true, 'Deluxe', '2023-11-08'),
    (28, 'Linda', 'Greco', 'linda123', 'linda.greco@email.com', false, 'Ultimate', '2023-11-03'),
    (29, 'Simone', 'Marchetti', 'simo1234', 'simone.marchetti@email.com', true, 'Basic', '2023-11-28'),
    (30, 'Serena', 'Silvestri', 'seren567', 'serena.silvestri@email.com', false, 'Pro', '2023-11-25'),
    (31, 'Michele', 'Palmieri', 'miche123', 'michele.palmieri@email.com', true, 'Premium', '2023-11-30'),
    (32, 'Alessandra', 'Ricci', 'ales1234', 'alessandra.ricci@email.com', false, NULL, NULL),
    (33, 'Giuseppe', 'De Luca', 'giuse123', 'giuseppe.deluca@email.com', true, 'Ultimate', '2023-11-15'),
    (34, 'Roberta', 'Gatti', 'rober567', 'roberta.gatti@email.com', false, 'Basic', '2023-11-09'),
    (35, 'Fabio', 'Romano', 'fabio1234', 'fabio.romano@email.com', true, 'Pro', '2023-11-01'),
    (36, 'Valeria', 'Monti', 'valer123', 'valeria.monti@email.com', false, 'Premium', '2023-11-05'),
    (37, 'Enrico', 'Ferri', 'enric123', 'enrico.ferri@email.com', true, 'Deluxe', '2023-11-14'),
    (38, 'Caterina', 'Vitale', 'cate123', 'caterina.vitale@email.com', false, 'Ultimate', '2023-11-20'),
    (39, 'Luigi', 'Mariani', 'luigi123', 'luigi.mariani@email.com', true, 'Basic', '2023-11-30'),
    (40, 'Elisa', 'Grasso', 'elisa123', 'elisa.grasso@email.com', false, NULL, NULL),
    (41, 'Pietro', 'Monti', 'pietr123', 'pietro.monti@email.com', true, 'Premium', '2023-11-10'),
    (42, 'Valeria', 'Rizzo', 'valer123', 'valeria.rizzo@email.com', false, 'Deluxe', '2023-11-30'),
    (43, 'Raffaele', 'Lombardi', 'raffa123', 'raffaele.lombardi@email.com', true, 'Ultimate', '2023-11-10'),
    (44, 'Elisa', 'Ferri', 'elisa123', 'elisa.ferri@email.com', false, 'Basic', '2023-11-14'),
    (45, 'Dario', 'Piazza', 'dario123', 'dario.piazza@email.com', true, 'Pro', '2023-11-28'),
    (46, 'Cinzia', 'Greco', 'cinzi123', 'cinzia.greco@email.com', false, 'Premium', '2023-11-12'),
    (47, 'Andrea', 'Pellegrino', 'andre123', 'andrea.pellegrino@email.com', true, NULL, NULL),
    (48, 'Giovanna', 'Sorrento', 'giova123', 'giovanna.sorrento@email.com', false, 'Ultimate', '2023-11-05'),
    (49, 'Domenico', 'Piras', 'domen123', 'domenico.piras@email.com', true, 'Basic', '2023-11-08'),
    (50, 'Valentina', 'Amato', 'valen567', 'valentina.amato@email.com', false, 'Pro', '2023-11-15'),
    (51, 'Alessio', 'Greco', 'alesi567', 'alessio.greco@email.com', true, 'Premium', '2023-11-19'),
    (52, 'Rosa', 'Martino', 'rosa1234', 'rosa.martino@email.com', false, 'Deluxe', '2023-11-25'),
    (53, 'Giovanni', 'Ferrari', 'giov4567', 'giovanni.ferrari@email.com', true, NULL, NULL),
    (54, 'Elena', 'Conti', 'elena567', 'elena.conti@email.com', false, 'Basic', '2023-11-23'),
    (55, 'Luigi', 'Romano', 'luigi567', 'luigi.romano@email.com', true, 'Pro', '2023-11-23'),
    (56, 'Isabella', 'Coppola', 'isabe567', 'isabella.coppola@email.com', false, 'Premium', '2023-11-18'),
    (57, 'Mauro', 'Gallo', 'mauro567', 'mauro.gallo@email.com', true, 'Deluxe', '2023-11-30'),
    (58, 'Graziella', 'Silvestri', 'grazi567', 'graziella.silvestri@email.com', false, 'Ultimate', '2023-11-20'),
    (59, 'Antonio', 'Ricci', 'anton567', 'antonio.ricci@email.com', true, 'Basic', '2023-11-30'),
    (60, 'Cristina', 'Marino', 'cristi567', 'cristina.marino@email.com', false, NULL, NULL),
    (61, 'Dario', 'Costa', 'dario567', 'dario.costa@email.com', true, 'Premium', '2023-11-22'),
    (62, 'Anna', 'Russo', 'annaruss', 'anna.russo@email.com', false, 'Deluxe', '2023-11-10'),
    (63, 'Mario', 'Rossi', 'marioross', 'mario.rossi@email.com', true, 'Ultimate', '2023-11-29'),
    (64, 'Paolo', 'Esposito', 'paoloespo', 'paolo.esposito@email.com', false, 'Basic', '2023-11-02'),
    (65, 'Laura', 'Bianchi', 'laurabian', 'laura.bianchi@email.com', true, 'Pro', '2023-11-11'),
    (66, 'Francesco', 'Ferrari', 'francescof', 'francesco.ferrari@email.com', false, 'Premium', '2023-11-06'),
    (67, 'Giulia', 'Gatti', 'giuliagat', 'giulia.gatti@email.com', true, 'Deluxe', '2023-11-15'),
    (68, 'Roberto', 'Verdi', 'robertover', 'roberto.verdi@email.com', false, 'Ultimate', '2023-11-10'),
    (69, 'Elena', 'Conti', 'elenaconti', 'elena.conti@email.com', true, 'Basic', '2023-11-03'),
    (70, 'Michele', 'Ricci', 'micheleric', 'michele.ricci.email.com', false, NULL, NULL),
    (71, 'Sara', 'Longo', 'saralongo', 'sara.longo@email.com', true, 'Premium', '2023-11-15'),
    (72, 'Giovanni', 'Verdi', 'giovanniver', 'giovanni.verdi@email.com', false, 'Deluxe', '2023-11-17'),
    (73, 'Serena', 'Barbieri', 'serenabar', 'serena.barbieri.email.com', true, 'Ultimate', '2023-11-27'),
    (74, 'Stefano', 'Martini', 'stefanomar', 'stefano.martini@email.com', false, 'Basic', '2023-11-13'),
    (75, 'Roberta', 'Lombardi', 'robertalom', 'roberta.lombardi.email.com', true, 'Pro', '2023-11-21'),
    (76, 'Davide', 'Ruggiero', 'daviderug', 'davide.ruggiero@email.com', false, 'Premium', '2023-11-20'),
    (77, 'Alessandra', 'Pellegrini', 'alessandrap', 'alessandra.pellegrini.email.com', true, NULL, NULL),
    (78, 'Andrea', 'Gallo', 'andreagallo', 'andrea.gallo.email.com', false, 'Ultimate', '2023-11-30'),
    (79, 'Chiara', 'Greco', 'chiaragreco', 'chiara.greco.email.com', true, 'Basic', '2023-11-10'),
    (80, 'Gianluca', 'Rinaldi', 'gianlucarin', 'gianluca.rinaldi@email.com', false, 'Pro', '2023-11-25'),
    (81, 'Elena', 'Marini', 'elenamarini', 'elena.marini@email.com', true, 'Premium', '2023-11-05'),
    (82, 'Fabio', 'Mancini', 'fabiomanc', 'fabio.mancini@email.com', false, 'Deluxe', '2023-11-15'),
    (83, 'Cinzia', 'Caruso', 'cinziacar', 'cinzia.caruso.email.com', true, 'Ultimate', '2023-11-15'),
    (84, 'Riccardo', 'Sorrento', 'riccardosor', 'riccardo.sorrento.email.com', false, NULL, NULL),
    (85, 'Valeria', 'De Luca', 'valeriadel', 'valeria.deluca.email.com', true, 'Pro', '2023-11-29'),
    (86, 'Giovanni', 'Ferri', 'giovannifer', 'giovanni.ferri.email.com', false, 'Premium', '2023-11-19'),
    (87, 'Paola', 'Piazza', 'paolapiazz', 'paola.piazza.email.com', true, NULL, NULL),
    (88, 'Antonella', 'Santoro', 'antonellas', 'antonella.santoro.email.com', false, 'Ultimate', '2023-11-22'),
    (89, 'Luca', 'Longo', 'lucalongo', 'luca.longo.email.com', true, 'Basic', '2023-11-25'),
    (90, 'Giulia', 'Russo', 'giuliaruss', 'giulia.russo.email.com', false, 'Pro', '2023-11-14'),
    (91, 'Andrea', 'Moretti', 'andreamore', 'andrea.moretti.email.com', true, NULL, NULL),
    (92, 'Francesca', 'Amato', 'francescaa', 'francesca.amato.email.com', false, 'Deluxe', '2023-11-20'),
    (93, 'Marco', 'Gatti', 'marcogatti', 'marco.gatti.email.com', true, 'Ultimate', '2023-11-02'),
    (94, 'Raffaele', 'Mazza', 'raffaelem', 'raffaele.mazza.email.com', false, 'Basic', '2023-11-05'),
    (95, 'Valentina', 'Piras', 'valentinap', 'valentina.piras.email.com', true, 'Pro', '2023-11-20'),
    (96, 'Giancarlo', 'Caruso', 'giancarloc', 'giancarlo.caruso.email.com', false, 'Premium', '2023-11-10'),
    (97, 'Elena', 'Palmieri', 'elenapalmi', 'elena.palmieri.email.com', true, 'Deluxe', '2023-11-10'),
    (98, 'Domenico', 'Monti', 'domenicomo', 'domenico.monti.email.com', false, 'Ultimate', '2023-11-15'),
    (99, 'Simona', 'Rizzo', 'simonarizz', 'simona.rizzo.email.com', true, 'Basic', '2023-11-17'),
    (100, 'Pietro', 'Gentile', 'pietrogent', 'pietro.gentile.email.com', false, 'Pro', '2023-11-05'),
    (101, 'Lorenzo', 'Silvestri', 'lorenzosil', 'lorenzo.silvestri.email.com', true, NULL, NULL),
    (102, 'Alessia', 'Marchetti', 'alessiamarch', 'alessia.marchetti.email.com', false, 'Deluxe', '2023-11-29'),
    (103, 'Simone', 'Greco', 'simonegreco', 'simone.greco.email.com', true, 'Ultimate', '2023-11-27'),
    (104, 'Gabriella', 'Vitale', 'gabriellavit', 'gabriella.vitale.email.com', false, 'Basic', '2023-11-22'),
    (105, 'Marco', 'Pellegrini', 'marcopelle', 'marco.pellegrini.email.com', true, 'Pro', '2023-11-11'),
    (106, 'Giulia', 'Marini', 'giuliamarin', 'giulia.marini.email.com', false, 'Premium', '2023-11-15'),
    (107, 'Roberto', 'Costa', 'robertocost', 'roberto.costa.email.com', true, 'Deluxe', '2023-11-05'),
    (108, 'Rosa', 'Caruso', 'rosacarus', 'rosa.caruso.email.com', false, NULL, NULL),
    (109, 'Davide', 'Rizzo', 'daviderizz', 'davide.rizzo.email.com', true, 'Basic', '2023-11-15'),
    (110, 'Silvia', 'Greco', 'silviagreco', 'silvia.greco.email.com', false, 'Pro', '2023-11-30'),
    (111, 'Luigi', 'De Angelis', 'luigideang', 'luigi.deangelis@email.com', true, 'Premium', '2023-11-15'),
    (112, 'Laura', 'Moretti', 'lauramore', 'laura.moretti@email.com', false, 'Deluxe', '2023-11-25'),
    (113, 'Andrea', 'Barbieri', 'andreabarb', 'andrea.barbieri@email.com', true, NULL, NULL),
    (114, 'Chiara', 'Romano', 'chiararoma', 'chiara.romano@email.com', false, 'Basic', '2023-11-05'),
    (115, 'Gianluca', 'Piras', 'gianlucapir', 'gianluca.piras@email.com', true, 'Pro', '2023-11-15'),
    (116, 'Roberta', 'Russo', 'robertarus', 'roberta.russo@email.com', false, 'Premium', '2023-11-10'),
    (117, 'Emanuele', 'Martino', 'emanuelemart', 'emanuele.martino@email.com', true, 'Deluxe', '2023-11-20'),
    (118, 'Serena', 'Rinaldi', 'serenarina', 'serena.rinaldi@email.com', false, 'Ultimate', '2023-11-25'),
    (119, 'Stefano', 'Longo', 'stefanolong', 'stefano.longo@email.com', true, NULL, NULL),
    (120, 'Isabella', 'Mazza', 'isabellamaz', 'isabella.mazza@email.com', false, 'Pro', '2023-11-20'),
    (121, 'Valentina', 'Greco', 'valentinagre', 'valentina.greco@email.com', true, 'Premium', '2023-11-27'),
    (122, 'Raffaele', 'Marino', 'raffaelemar', 'raffaele.marino@email.com', false, 'Deluxe', '2023-11-10'),
    (123, 'Simona', 'Ricci', 'simonaricc', 'simona.ricci@email.com', true, 'Ultimate', '2023-11-17'),
    (124, 'Cristian', 'Gallo', 'cristiangal', 'cristian.gallo@email.com', false, NULL, NULL),
    (125, 'Dario', 'Pellegrino', 'dariopelle', 'dario.pellegrino@email.com', true, 'Pro', '2023-11-29'),
    (126, 'Elena', 'Gatti', 'elenagatti', 'elena.gatti@email.com', false, 'Premium', '2023-11-20'),
    (127, 'Giovanni', 'Esposito', 'giovanniespo', 'giovanni.esposito@email.com', true, 'Deluxe', '2023-11-05'),
    (128, 'Francesca', 'Amato', 'francescaama', 'francesca.amato@email.com', false, 'Ultimate', '2023-11-10'),
    (129, 'Andrea', 'Russo', 'andrearuss', 'andrea.russo@email.com', true, 'Basic', '2023-11-20'),
    (130, 'Rosa', 'Conti', 'rosaconti', 'rosa.conti@email.com', false, 'Pro', '2023-11-17'),
    (131, 'Antonio', 'Marini', 'antoniomari', 'antonio.marini@email.com', true, 'Premium', '2023-11-25'),
    (132, 'Giulia', 'Silvestri', 'giuliasilve', 'giulia.silvestri@email.com', false, 'Deluxe', '2023-11-15'),
    (133, 'Roberto', 'Romano', 'robertoroma', 'roberto.romano@email.com', true, 'Ultimate', '2023-11-20'),
    (134, 'Valeria', 'Gentile', 'valeriagent', 'valeria.gentile@email.com', false, 'Basic', '2023-11-25'),
    (135, 'Stefano', 'Mancini', 'stefanoman', 'stefano.mancini@email.com', true, NULL, NULL),
    (136, 'Elisa', 'Palmieri', 'elisapalmi', 'elisa.palmieri@email.com', false, 'Premium', '2023-11-30'),
    (137, 'Gianluca', 'Ferrara', 'gianlucaf', 'gianluca.ferrara@email.com', true, 'Deluxe', '2023-11-20'),
    (138, 'Simona', 'Sorrento', 'simonasor', 'simona.sorrento@email.com', false, 'Ultimate', '2023-11-25'),
    (139, 'Davide', 'Caruso', 'davidecar', 'davide.caruso@email.com', true, 'Basic', '2023-11-30'),
    (140, 'Cristina', 'Piazza', 'cristinapi', 'cristina.piazza@email.com', false, 'Pro', '2023-11-30'),
    (141, 'Pietro', 'Ricci', 'pietroric', 'pietro.ricci@email.com', true, 'Premium', '2023-11-05'),
    (142, 'Giuseppe', 'Barbieri', 'giuseppebar', 'giuseppe.barbieri@email.com', false, 'Deluxe', '2023-11-25'),
    (143, 'Alessandra', 'Santoro', 'alessandras', 'alessandra.santoro@email.com', true, 'Ultimate', '2023-11-30'),
    (144, 'Lorenzo', 'Gatti', 'lorenzogat', 'lorenzo.gatti@email.com', false, NULL, NULL),
    (145, 'Riccardo', 'Mazza', 'riccardomaz', 'riccardo.mazza@email.com', true, 'Pro', '2023-11-15'),
    (146, 'Silvia', 'Longo', 'silvialong', 'silvia.longo@email.com', false, 'Premium', '2023-11-10'),
    (147, 'Roberta', 'Gentile', 'robertagen', 'roberta.gentile@email.com', true, 'Deluxe', '2023-11-15'),
    (148, 'Fabio', 'Marini', 'fabiomari', 'fabio.marini@email.com', false, 'Ultimate', '2023-11-20'),
    (149, 'Marta', 'Ferri', 'martaferr', 'marta.ferri@email.com', true, 'Basic', '2023-11-25'),
    (150, 'Stefano', 'Ruggiero', 'stefanorug', 'stefano.ruggiero@email.com', false, 'Pro', '2023-11-30'),
    (151, 'Raffaella', 'De Luca', 'raffaelladel', 'raffaella.deluca@email.com', true, 'Premium', '2023-11-15'),
    (152, 'Massimo', 'Mancini', 'massimomanc', 'massimo.mancini@email.com', false, 'Deluxe', '2023-11-30'),
    (153, 'Serena', 'Pellegrini', 'serenapelle', 'serena.pellegrini@email.com', true, NULL, NULL),
    (154, 'Gianluigi', 'Ferrara', 'gianluigifer', 'gianluigi.ferrara@email.com', false, 'Basic', '2023-11-10'),
    (155, 'Elisabetta', 'Conti', 'elisabettaco', 'elisabetta.conti@email.com', true, 'Pro', '2023-11-25'),
    (156, 'Alessandro', 'Ricci', 'alessandrori', 'alessandro.ricci@email.com', false, 'Premium', '2023-11-20'),
    (157, 'Rosa', 'Greco', 'rosagreco', 'rosa.greco@email.com', true, 'Deluxe', '2023-11-10'),
    (158, 'Matteo', 'Sorrento', 'matteosor', 'matteo.sorrento@email.com', false, 'Ultimate', '2023-11-15'),
    (159, 'Camilla', 'Martino', 'camillamart', 'camilla.martino@email.com', true, 'Basic', '2023-11-20'),
    (160, 'Lorenzo', 'Piras', 'lorenzopira', 'lorenzo.piras@email.com', false, 'Pro', '2023-11-30');


# - - - - POPOLAMENTO TABELLA Visualizzazione - - - -

INSERT INTO Visualizzazione (ID_Utente, ID_Contenuto, TimestampInizio)
VALUES
    (1, 1, '2023-02-01 12:00:00'),
    (2, 1, '2023-02-02 12:00:00'),
    (3, 1, '2023-02-03 12:00:00'),
    (4, 1, '2023-02-04 12:00:00'),
    (5, 1, '2023-02-05 12:00:00'),
    (6, 1, '2023-02-06 12:00:00'),
    (7, 1, '2023-02-07 12:00:00'),
    (8, 1, '2023-02-08 12:00:00'),
    (9, 1, '2023-02-09 12:00:00'),
    (10, 1, '2023-02-10 12:00:00'),
    (11, 1, '2023-02-11 12:00:00'),
    (12, 1, '2023-02-12 12:00:00'),
    (13, 1, '2023-02-13 12:00:00'),
    (14, 1, '2023-02-14 12:00:00'),
    (15, 1, '2023-02-15 12:00:00'),
    (16, 1, '2023-02-16 12:00:00'),
    (17, 1, '2023-02-17 12:00:00'),
    (18, 1, '2023-02-18 12:00:00'),
    (19, 1, '2023-02-19 12:00:00'),
    (20, 1, '2023-02-20 12:00:00'),
    (21, 1, '2023-02-21 12:00:00'),
    (22, 1, '2023-02-22 12:00:00'),
    (23, 1, '2023-02-23 12:00:00'),
    (24, 1, '2023-02-24 12:00:00'),
    (25, 1, '2023-02-25 12:00:00'),
    (26, 1, '2023-02-26 12:00:00'),
    (27, 1, '2023-02-27 12:00:00'),
    (28, 1, '2023-02-28 12:00:00'),
    (29, 1, '2023-03-01 13:00:00'),
    (30, 1, '2023-03-02 14:00:00'),
    (31, 1, '2023-03-03 12:00:00'),
    (32, 1, '2023-03-04 12:00:00'),
    (33, 1, '2023-03-05 12:00:00'),
    (34, 1, '2023-03-06 12:00:00'),
    (35, 1, '2023-03-07 12:00:00'),
    (36, 1, '2023-03-08 12:00:00'),
    (37, 1, '2023-03-09 12:00:00'),
    (38, 1, '2023-03-10 12:00:00'),
    (39, 1, '2023-03-11 12:00:00'),
    (40, 1, '2023-03-12 12:00:00'),
    (41, 1, '2023-03-13 12:00:00'),
    (42, 1, '2023-03-14 12:00:00'),
    (43, 1, '2023-03-15 12:00:00'),
    (44, 1, '2023-03-16 12:00:00'),
    (45, 1, '2023-03-17 12:00:00'),
    (46, 1, '2023-03-18 12:00:00'),
    (47, 1, '2023-03-19 12:00:00'),
    (48, 1, '2023-03-20 12:00:00'),
    (49, 1, '2023-03-21 12:00:00'),
    (50, 1, '2023-03-22 12:00:00'),
    (51, 1, '2023-03-23 12:00:00'),
    (52, 1, '2023-03-24 12:00:00'),
    (53, 1, '2023-03-25 12:00:00'),
    (54, 1, '2023-03-26 12:00:00'),
    (55, 1, '2023-03-27 12:00:00'),
    (56, 1, '2023-03-28 12:00:00'),
    (57, 1, '2023-03-29 12:00:00'),
    (58, 1, '2023-03-30 12:00:00'),
    (59, 1, '2023-03-31 12:00:00'),
    (60, 1, '2023-04-01 12:00:00'),
    (61, 7, '2023-04-02 12:00:00'),
    (62, 7, '2023-04-03 12:00:00'),
    (63, 7, '2023-04-04 12:00:00'),
    (64, 7, '2023-04-05 12:00:00'),
    (65, 7, '2023-04-06 12:00:00'),
    (66, 7, '2023-04-07 12:00:00'),
    (67, 7, '2023-04-08 12:00:00'),
    (68, 7, '2023-04-09 12:00:00'),
    (69, 7, '2023-04-10 12:00:00'),
    (70, 7, '2023-04-11 12:00:00'),
    (71, 7, '2023-04-12 12:00:00'),
    (72, 7, '2023-04-13 12:00:00'),
    (73, 7, '2023-04-14 12:00:00'),
    (74, 7, '2023-04-15 12:00:00'),
    (75, 7, '2023-04-16 12:00:00'),
    (76, 7, '2023-04-17 12:00:00'),
    (77, 7, '2023-04-18 12:00:00'),
    (78, 7, '2023-04-19 12:00:00'),
    (79, 7, '2023-04-20 12:00:00'),
    (80, 7, '2023-04-21 12:00:00'),
    (81, 7, '2023-04-22 12:00:00'),
    (82, 7, '2023-04-23 12:00:00'),
    (83, 7, '2023-04-24 12:00:00'),
    (84, 7, '2023-04-25 12:00:00'),
    (85, 7, '2023-04-26 12:00:00'),
    (86, 7, '2023-04-27 12:00:00'),
    (87, 7, '2023-04-28 12:00:00'),
    (88, 7, '2023-04-29 12:00:00'),
    (89, 7, '2023-04-30 12:00:00'),
    (90, 7, '2023-05-01 12:00:00'),
    (91, 7, '2023-05-02 12:00:00'),
    (92, 7, '2023-05-03 12:00:00'),
    (93, 7, '2023-05-04 12:00:00'),
    (94, 7, '2023-05-05 12:00:00'),
    (95, 7, '2023-05-06 12:00:00'),
    (96, 7, '2023-05-07 12:00:00'),
    (97, 7, '2023-05-08 12:00:00'),
    (98, 7, '2023-05-09 12:00:00'),
    (99, 7, '2023-05-10 12:00:00'),
    (100, 7, '2023-05-11 12:00:00'),
    (101, 7, '2023-05-12 12:00:00'),
    (102, 7, '2023-05-13 12:00:00'),
    (103, 7, '2023-05-14 12:00:00'),
    (104, 7, '2023-05-15 12:00:00'),
    (105, 7, '2023-05-16 12:00:00'),
    (106, 7, '2023-05-17 12:00:00'),
    (107, 7, '2023-05-18 12:00:00'),
    (108, 7, '2023-05-19 12:00:00'),
    (109, 7, '2023-05-20 12:00:00'),
    (110, 7, '2023-05-21 12:00:00'),
    (111, 7, '2023-05-22 12:00:00'),
    (112, 7, '2023-05-23 12:00:00'),
    (113, 7, '2023-05-24 12:00:00'),
    (114, 7, '2023-05-25 12:00:00'),
    (115, 7, '2023-05-26 12:00:00'),
    (116, 7, '2023-05-27 12:00:00'),
    (117, 7, '2023-05-28 12:00:00'),
    (118, 7, '2023-05-29 12:00:00'),
    (119, 7, '2023-05-30 12:00:00'),
    (120, 7, '2023-05-31 12:00:00'),
    (121, 13, '2023-06-01 12:00:00'),
    (122, 13, '2023-06-02 12:00:00'),
    (123, 13, '2023-06-03 12:00:00'),
    (124, 13, '2023-06-04 12:00:00'),
    (125, 13, '2023-06-05 12:00:00'),
    (126, 13, '2023-06-06 12:00:00'),
    (127, 13, '2023-06-07 12:00:00'),
    (128, 13, '2023-06-08 12:00:00'),
    (129, 13, '2023-06-09 12:00:00'),
    (130, 13, '2023-06-10 12:00:00'),
    (131, 13, '2023-06-11 12:00:00'),
    (132, 13, '2023-06-12 12:00:00'),
    (133, 13, '2023-06-13 12:00:00'),
    (134, 13, '2023-06-14 12:00:00'),
    (135, 13, '2023-06-15 12:00:00'),
    (136, 13, '2023-06-16 12:00:00'),
    (137, 13, '2023-06-17 12:00:00'),
    (138, 13, '2023-06-18 12:00:00'),
    (139, 13, '2023-06-19 12:00:00'),
    (140, 13, '2023-06-20 12:00:00'),
    (141, 13, '2023-06-21 12:00:00'),
    (142, 13, '2023-06-22 12:00:00'),
    (143, 13, '2023-06-23 12:00:00'),
    (144, 13, '2023-06-24 12:00:00'),
    (145, 13, '2023-06-25 12:00:00'),
    (146, 13, '2023-06-26 12:00:00'),
    (147, 13, '2023-06-27 12:00:00'),
    (148, 13, '2023-06-28 12:00:00'),
    (149, 13, '2023-06-29 12:00:00'),
    (150, 13, '2023-06-30 12:00:00'),
    (151, 13, '2023-07-01 12:00:00'),
    (152, 13, '2023-07-02 12:00:00'),
    (153, 13, '2023-07-03 12:00:00'),
    (154, 13, '2023-07-04 12:00:00'),
    (155, 13, '2023-07-05 12:00:00'),
    (156, 13, '2023-07-06 12:00:00'),
    (157, 13, '2023-07-07 12:00:00'),
    (158, 13, '2023-07-08 12:00:00'),
    (159, 13, '2023-07-09 12:00:00'),
    (160, 13, '2023-07-10 12:00:00');
    
# - - - - POPOLAMENTO TABELLA Connessione - - - - 

INSERT INTO Connessione (IndirizzoIP, ID_Utente, ID_Server, Dispositivo, TimestampInizio, TimestampFine)
VALUES
	(001, 1, 1, "Smartphone", "2023-02-01 12:00:00", "2023-02-01 13:00:00"),
    (001, 2, 1, "Laptop", "2023-02-02 12:00:00", "2023-02-02 13:00:00"),
    (001, 3, 1, "Tablet", "2023-02-03 12:00:00", "2023-02-03 13:00:00"),
    (001, 4, 1, "Desktop", "2023-02-04 12:00:00", "2023-02-04 13:00:00"),
    (001, 5, 1, "Smartphone", "2023-02-05 12:00:00", "2023-02-05 13:00:00"),
    (001, 6, 1, "Laptop", "2023-02-06 12:00:00", "2023-02-06 13:00:00"),
    (001, 7, 1, "Tablet", "2023-02-07 12:00:00", "2023-02-07 13:00:00"),
    (001, 8, 1, "Desktop", "2023-02-08 12:00:00", "2023-02-08 13:00:00"),
    (001, 9, 1, "Smartphone", "2023-02-09 12:00:00", "2023-02-09 13:00:00"),
    (001, 10, 1, "Laptop", "2023-02-10 12:00:00", "2023-02-10 13:00:00"),
    (002, 11, 2, "Tablet", "2023-02-11 12:00:00", "2023-02-11 13:00:00"),
    (002, 12, 2, "Desktop", "2023-02-12 12:00:00", "2023-02-12 13:00:00"),
    (002, 13, 2, "Smartphone", "2023-02-13 12:00:00", "2023-02-13 13:00:00"),
    (002, 14, 2, "Laptop", "2023-02-14 12:00:00", "2023-02-14 13:00:00"),
    (002, 15, 2, "Tablet", "2023-02-15 12:00:00", "2023-02-15 13:00:00"),
    (002, 16, 2, "Desktop", "2023-02-16 12:00:00", "2023-02-16 13:00:00"),
    (002, 17, 2, "Smartphone", "2023-02-17 12:00:00", "2023-02-17 13:00:00"),
    (002, 18, 2, "Laptop", "2023-02-18 12:00:00", "2023-02-18 13:00:00"),
    (002, 19, 2, "Tablet", "2023-02-19 12:00:00", "2023-02-19 13:00:00"),
    (002, 20, 2, "Desktop", "2023-02-20 12:00:00", "2023-02-20 13:00:00"),
    (003, 21, 3, "Smartphone", "2023-02-21 12:00:00", "2023-02-21 13:00:00"),
    (003, 22, 3, "Laptop", "2023-02-22 12:00:00", "2023-02-22 13:00:00"),
    (003, 23, 3, "Tablet", "2023-02-23 12:00:00", "2023-02-23 13:00:00"),
    (003, 24, 3, "Desktop", "2023-02-24 12:00:00", "2023-02-24 13:00:00"),
    (003, 25, 3, "Smartphone", "2023-02-25 12:00:00", "2023-02-25 13:00:00"),
    (003, 26, 3, "Laptop", "2023-02-26 12:00:00", "2023-02-26 13:00:00"),
    (003, 27, 3, "Tablet", "2023-02-27 12:00:00", "2023-02-27 13:00:00"),
    (003, 28, 3, "Desktop", "2023-02-28 12:00:00", "2023-02-28 13:00:00"),
    (003, 29, 3, "Smartphone", "2023-03-01 12:00:00", "2023-03-01 13:00:00"),
    (003, 30, 3, "Laptop", "2023-03-02 12:00:00", "2023-03-02 13:00:00"),
    (004, 31, 4, "Tablet", "2023-03-03 12:00:00", "2023-03-03 13:00:00"),
    (004, 32, 4, "Desktop", "2023-03-04 12:00:00", "2023-03-04 13:00:00"),
    (004, 33, 4, "Smartphone", "2023-03-05 12:00:00", "2023-03-05 13:00:00"),
    (004, 34, 4, "Laptop", "2023-03-06 12:00:00", "2023-03-06 13:00:00"),
    (004, 35, 4, "Tablet", "2023-03-07 12:00:00", "2023-03-07 13:00:00"),
    (004, 36, 4, "Desktop", "2023-03-08 12:00:00", "2023-03-08 13:00:00"),
    (004, 37, 4, "Smartphone", "2023-03-09 12:00:00", "2023-03-09 13:00:00"),
    (004, 38, 4, "Laptop", "2023-03-10 12:00:00", "2023-03-10 13:00:00"),
    (004, 39, 4, "Tablet", "2023-03-11 12:00:00", "2023-03-11 13:00:00"),
    (004, 40, 4, "Desktop", "2023-03-12 12:00:00", "2023-03-12 13:00:00"),
    (005, 41, 5, "Smartphone", "2023-03-13 12:00:00", "2023-03-13 13:00:00"),
    (005, 42, 5, "Laptop", "2023-03-14 12:00:00", "2023-03-14 13:00:00"),
    (005, 43, 5, "Tablet", "2023-03-15 12:00:00", "2023-03-15 13:00:00"),
    (005, 44, 5, "Desktop", "2023-03-16 12:00:00", "2023-03-16 13:00:00"),
    (005, 45, 5, "Smartphone", "2023-03-17 12:00:00", "2023-03-17 13:00:00"),
    (005, 46, 5, "Laptop", "2023-03-18 12:00:00", "2023-03-18 13:00:00"),
    (005, 47, 5, "Tablet", "2023-03-19 12:00:00", "2023-03-19 13:00:00"),
    (005, 48, 5, "Desktop", "2023-03-20 12:00:00", "2023-03-20 13:00:00"),
    (005, 49, 5, "Smartphone", "2023-03-21 12:00:00", "2023-03-21 13:00:00"),
    (005, 50, 5, "Laptop", "2023-03-22 12:00:00", "2023-03-22 13:00:00"),
    (006, 51, 6, "Tablet", "2023-03-23 12:00:00", "2023-03-23 13:00:00"),
    (006, 52, 6, "Desktop", "2023-03-24 12:00:00", "2023-03-24 13:00:00"),
    (006, 53, 6, "Smartphone", "2023-03-25 12:00:00", "2023-03-25 13:00:00"),
    (006, 54, 6, "Laptop", "2023-03-26 12:00:00", "2023-03-26 13:00:00"),
    (006, 55, 6, "Tablet", "2023-03-27 12:00:00", "2023-03-27 13:00:00"),
    (006, 56, 6, "Desktop", "2023-03-28 12:00:00", "2023-03-28 13:00:00"),
    (006, 57, 6, "Smartphone", "2023-03-29 12:00:00", "2023-03-29 13:00:00"),
    (006, 58, 6, "Laptop", "2023-03-30 12:00:00", "2023-03-30 13:00:00"),
    (006, 59, 6, "Tablet", "2023-03-31 12:00:00", "2023-03-31 13:00:00"),
    (006, 60, 6, "Desktop", "2023-04-01 12:00:00", "2023-04-01 13:00:00"),
    (007, 61, 7, "Smartphone", "2023-04-02 12:00:00", "2023-04-02 13:00:00"),
    (007, 62, 7, "Laptop", "2023-04-03 12:00:00", "2023-04-03 13:00:00"),
    (007, 63, 7, "Tablet", "2023-04-04 12:00:00", "2023-04-04 13:00:00"),
    (007, 64, 7, "Desktop", "2023-04-05 12:00:00", "2023-04-05 13:00:00"),
    (007, 65, 7, "Smartphone", "2023-04-06 12:00:00", "2023-04-06 13:00:00"),
    (007, 66, 7, "Laptop", "2023-04-07 12:00:00", "2023-04-07 13:00:00"),
    (007, 67, 7, "Tablet", "2023-04-08 12:00:00", "2023-04-08 13:00:00"),
    (007, 68, 7, "Desktop", "2023-04-09 12:00:00", "2023-04-09 13:00:00"),
    (007, 69, 7, "Smartphone", "2023-04-10 12:00:00", "2023-04-10 13:00:00"),
    (007, 70, 7, "Laptop", "2023-04-11 12:00:00", "2023-04-11 13:00:00"),
    (008, 71, 8, "Tablet", "2023-04-12 12:00:00", "2023-04-12 13:00:00"),
    (008, 72, 8, "Desktop", "2023-04-13 12:00:00", "2023-04-13 13:00:00"),
    (008, 73, 8, "Smartphone", "2023-04-14 12:00:00", "2023-04-14 13:00:00"),
    (008, 74, 8, "Laptop", "2023-04-15 12:00:00", "2023-04-15 13:00:00"),
    (008, 75, 8, "Tablet", "2023-04-16 12:00:00", "2023-04-16 13:00:00"),
    (008, 76, 8, "Desktop", "2023-04-17 12:00:00", "2023-04-17 13:00:00"),
    (008, 77, 8, "Smartphone", "2023-04-18 12:00:00", "2023-04-18 13:00:00"),
    (008, 78, 8, "Laptop", "2023-04-19 12:00:00", "2023-04-19 13:00:00"),
    (008, 79, 8, "Tablet", "2023-04-20 12:00:00", "2023-04-20 13:00:00"),
    (008, 80, 8, "Desktop", "2023-04-21 12:00:00", "2023-04-21 13:00:00"),
    (009, 81, 9, "Smartphone", "2023-04-22 12:00:00", "2023-04-22 13:00:00"),
    (009, 82, 9, "Laptop", "2023-04-23 12:00:00", "2023-04-23 13:00:00"),
    (009, 83, 9, "Tablet", "2023-04-24 12:00:00", "2023-04-24 13:00:00"),
    (009, 84, 9, "Desktop", "2023-04-25 12:00:00", "2023-04-25 13:00:00"),
    (009, 85, 9, "Smartphone", "2023-04-26 12:00:00", "2023-04-26 13:00:00"),
    (009, 86, 9, "Laptop", "2023-04-27 12:00:00", "2023-04-27 13:00:00"),
    (009, 87, 9, "Tablet", "2023-04-28 12:00:00", "2023-04-28 13:00:00"),
    (009, 88, 9, "Desktop", "2023-04-29 12:00:00", "2023-04-29 13:00:00"),
    (009, 89, 9, "Smartphone", "2023-04-30 12:00:00", "2023-04-30 13:00:00"),
    (010, 90, 10, "Laptop", "2023-05-01 12:00:00", "2023-05-01 13:00:00"),
    (010, 91, 10, "Tablet", "2023-05-02 12:00:00", "2023-05-02 13:00:00"),
    (010, 92, 10, "Desktop", "2023-05-03 12:00:00", "2023-05-03 13:00:00"),
    (010, 93, 10, "Smartphone", "2023-05-04 12:00:00", "2023-05-04 13:00:00"),
    (010, 94, 10, "Laptop", "2023-05-05 12:00:00", "2023-05-05 13:00:00"),
    (010, 95, 10, "Tablet", "2023-05-06 12:00:00", "2023-05-06 13:00:00"),
    (010, 96, 10, "Desktop", "2023-05-07 12:00:00", "2023-05-07 13:00:00"),
    (010, 97, 10, "Smartphone", "2023-05-08 12:00:00", "2023-05-08 13:00:00"),
    (010, 98, 10, "Laptop", "2023-05-09 12:00:00", "2023-05-09 13:00:00"),
    (010, 99, 10, "Tablet", "2023-05-10 12:00:00", "2023-05-10 13:00:00"),
    (010, 100, 10, "Desktop", "2023-05-11 12:00:00", "2023-05-11 13:00:00"),
    (011, 101, 11, "Smartphone", "2023-05-12 12:00:00", "2023-05-12 13:00:00"),
    (011, 102, 11, "Laptop", "2023-05-13 12:00:00", "2023-05-13 13:00:00"),
    (011, 103, 11, "Tablet", "2023-05-14 12:00:00", "2023-05-14 13:00:00"),
    (011, 104, 11, "Desktop", "2023-05-15 12:00:00", "2023-05-15 13:00:00"),
    (011, 105, 11, "Smartphone", "2023-05-16 12:00:00", "2023-05-16 13:00:00"),
    (011, 106, 11, "Laptop", "2023-05-17 12:00:00", "2023-05-17 13:00:00"),
    (011, 107, 11, "Tablet", "2023-05-18 12:00:00", "2023-05-18 13:00:00"),
    (011, 108, 11, "Desktop", "2023-05-19 12:00:00", "2023-05-19 13:00:00"),
    (011, 109, 11, "Smartphone", "2023-05-20 12:00:00", "2023-05-20 13:00:00"),
    (011, 110, 11, "Laptop", "2023-05-21 12:00:00", "2023-05-21 13:00:00"),
    (012, 111, 12, "Tablet", "2023-05-22 12:00:00", "2023-05-22 13:00:00"),
    (012, 112, 12, "Desktop", "2023-05-23 12:00:00", "2023-05-23 13:00:00"),
    (012, 113, 12, "Smartphone", "2023-05-24 12:00:00", "2023-05-24 13:00:00"),
    (012, 114, 12, "Laptop", "2023-05-25 12:00:00", "2023-05-25 13:00:00"),
    (012, 115, 12, "Tablet", "2023-05-26 12:00:00", "2023-05-26 13:00:00"),
    (012, 116, 12, "Desktop", "2023-05-27 12:00:00", "2023-05-27 13:00:00"),
    (012, 117, 12, "Smartphone", "2023-05-28 12:00:00", "2023-05-28 13:00:00"),
    (012, 118, 12, "Laptop", "2023-05-29 12:00:00", "2023-05-29 13:00:00"),
    (012, 119, 12, "Tablet", "2023-05-30 12:00:00", "2023-05-30 13:00:00"),
    (012, 120, 12, "Desktop", "2023-05-31 12:00:00", "2023-05-31 13:00:00"),
    (013, 121, 13, "Smartphone", "2023-06-01 12:00:00", "2023-06-01 13:00:00"),
    (013, 122, 13, "Laptop", "2023-06-02 12:00:00", "2023-06-02 13:00:00"),
    (013, 123, 13, "Tablet", "2023-06-03 12:00:00", "2023-06-03 13:00:00"),
    (013, 124, 13, "Desktop", "2023-06-04 12:00:00", "2023-06-04 13:00:00"),
    (013, 125, 13, "Smartphone", "2023-06-05 12:00:00", "2023-06-05 13:00:00"),
    (013, 126, 13, "Laptop", "2023-06-06 12:00:00", "2023-06-06 13:00:00"),
    (013, 127, 13, "Tablet", "2023-06-07 12:00:00", "2023-06-07 13:00:00"),
    (013, 128, 13, "Desktop", "2023-06-08 12:00:00", "2023-06-08 13:00:00"),
    (013, 129, 13, "Smartphone", "2023-06-09 12:00:00", "2023-06-09 13:00:00"),
    (013, 130, 13, "Laptop", "2023-06-10 12:00:00", "2023-06-10 13:00:00"),
    (014, 131, 14, "Tablet", "2023-06-11 12:00:00", "2023-06-11 13:00:00"),
    (014, 132, 14, "Desktop", "2023-06-12 12:00:00", "2023-06-12 13:00:00"),
    (014, 133, 14, "Smartphone", "2023-06-13 12:00:00", "2023-06-13 13:00:00"),
    (014, 134, 14, "Laptop", "2023-06-14 12:00:00", "2023-06-14 13:00:00"),
    (014, 135, 14, "Tablet", "2023-06-15 12:00:00", "2023-06-15 13:00:00"),
    (014, 136, 14, "Desktop", "2023-06-16 12:00:00", "2023-06-16 13:00:00"),
    (014, 137, 14, "Smartphone", "2023-06-17 12:00:00", "2023-06-17 13:00:00"),
    (014, 138, 14, "Laptop", "2023-06-18 12:00:00", "2023-06-18 13:00:00"),
    (014, 139, 14, "Tablet", "2023-06-19 12:00:00", "2023-06-19 13:00:00"),
    (014, 140, 14, "Desktop", "2023-06-20 12:00:00", "2023-06-20 13:00:00"),
    (015, 141, 15, "Smartphone", "2023-06-21 12:00:00", "2023-06-21 13:00:00"),
    (015, 142, 15, "Laptop", "2023-06-22 12:00:00", "2023-06-22 13:00:00"),
    (015, 143, 15, "Tablet", "2023-06-23 12:00:00", "2023-06-23 13:00:00"),
    (015, 144, 15, "Desktop", "2023-06-24 12:00:00", "2023-06-24 13:00:00"),
    (015, 145, 15, "Smartphone", "2023-06-25 12:00:00", "2023-06-25 13:00:00"),
    (015, 146, 15, "Laptop", "2023-06-26 12:00:00", "2023-06-26 13:00:00"),
    (015, 147, 15, "Tablet", "2023-06-27 12:00:00", "2023-06-27 13:00:00"),
    (015, 148, 15, "Desktop", "2023-06-28 12:00:00", "2023-06-28 13:00:00"),
    (015, 149, 15, "Smartphone", "2023-06-29 12:00:00", "2023-06-29 13:00:00"),
    (015, 150, 15, "Laptop", "2023-06-30 12:00:00", "2023-06-30 13:00:00"),
    (016, 151, 16, "Tablet", "2023-07-01 12:00:00", "2023-07-01 13:00:00"),
    (016, 152, 16, "Desktop", "2023-07-02 12:00:00", "2023-07-02 13:00:00"),
    (016, 153, 16, "Smartphone", "2023-07-03 12:00:00", "2023-07-03 13:00:00"),
    (016, 154, 16, "Laptop", "2023-07-04 12:00:00", "2023-07-04 13:00:00"),
    (016, 155, 16, "Tablet", "2023-07-05 12:00:00", "2023-07-05 13:00:00"),
    (016, 156, 16, "Desktop", "2023-07-06 12:00:00", "2023-07-06 13:00:00"),
    (016, 157, 16, "Smartphone", "2023-07-07 12:00:00", "2023-07-07 13:00:00"),
    (016, 158, 16, "Laptop", "2023-07-08 12:00:00", "2023-07-08 13:00:00"),
    (016, 159, 16, "Tablet", "2023-07-09 12:00:00", "2023-07-09 13:00:00"),
    (016, 160, 16, "Desktop", "2023-07-10 12:00:00", "2023-07-10 13:00:00");
    





    


	
    

    


    
    

    
    

    
    